genre,track_id,track_name,artist_name,tempo,danceability,energy,acousticness,duration_ms,instrumentalness,liveness,loudness,mode,speechiness,time_signature,valence
pop,3Dv1eDb0MEgF93GpLXlucZ,Say So,Doja Cat,110.962,0.787,0.673,0.264,237893,3.35e-06,0.0904,-4.583,0,0.159,4,0.779
pop,7MXVkk9YMctZqd1Srtv4MB,Starboy,The Weeknd,186.003,0.679,0.587,0.141,230453,6.35e-06,0.137,-7.015,1,0.276,4,0.486
pop,0t3ZvGKlmYmVsDzBJAXK8C,Goodbyes (feat. Young Thug),Post Malone,150.097,0.547,0.653,0.456,174853,0.0,0.103,-3.875,1,0.081,4,0.163
pop,7ytR5pFWmSjzHJIeQkgog4,ROCKSTAR (feat. Roddy Ricch),DaBaby,89.977,0.746,0.69,0.247,181733,0.0,0.101,-7.956,1,0.164,4,0.497
pop,6DCZcSspjsKoFjzjrWoCdn,God's Plan,Drake,77.169,0.754,0.449,0.0332,198973,8.29e-05,0.552,-9.211,1,0.109,4,0.357
pop,3CA9pLiwRIGtUBiMjbZmRw,Nice For What,Drake,93.372,0.585,0.909,0.0891,210747,9.7e-05,0.119,-6.474,1,0.0707,4,0.758
pop,6Hfu9sc7jvv6coyy2LlzBF,Hurricane,Kanye West,80.009,0.587,0.561,0.0466,243187,0.0,0.109,-6.569,1,0.146,4,0.351
pop,1LPSkqVhWVRUkKE03YUkpB,Leave The Door Open,Bruno Mars,148.088,0.586,0.616,0.182,242096,0.0,0.0927,-7.964,1,0.0324,4,0.719
pop,4ZtFanR9U6ndgddUvNcjcG,good 4 u,Olivia Rodrigo,166.928,0.563,0.664,0.335,178147,0.0,0.0849,-5.044,1,0.154,4,0.688
pop,6XHVuErjQ4XNm6nDPVCxVX,No Guidance (feat. Drake),Chris Brown,92.928,0.696,0.454,0.123,260640,0.0,0.155,-6.756,0,0.153,4,0.136
pop,0k4d5YPDr1r7FX77VdqWez,You Right,Doja Cat,128.986,0.828,0.621,0.0164,186173,0.00233,0.0845,-6.414,1,0.0565,4,0.436
pop,1SC5rEoYDGUK4NfG82494W,MONTERO (Call Me By Your Name),Lil Nas X,178.781,0.593,0.503,0.293,137704,0.0,0.405,-6.725,0,0.22,4,0.71
pop,6M3PsepEj5gyJoIi7Xvr7u,Take My Breath - Single Version,The Weeknd,120.996,0.747,0.739,0.0106,220196,2.22e-05,0.101,-6.008,1,0.0487,4,0.523
pop,3DarAbFujv6eYNliUTyqtz,Kiss Me More (feat. SZA),Doja Cat,110.97,0.764,0.705,0.259,208667,8.92e-05,0.12,-3.463,1,0.0284,4,0.781
pop,3Vi5XqYrmQgOYBajMWSvCi,Need to Know,Doja Cat,130.041,0.664,0.609,0.304,210560,0.0,0.0926,-6.509,1,0.0707,4,0.194
pop,3DXncPQOG4VBw3QHh3S817,"I'm the One (feat. Justin Bieber, Quavo, Chance the Rapper & Lil Wayne)",DJ Khaled,80.924,0.609,0.668,0.0552,288600,0.0,0.167,-4.284,1,0.0367,4,0.811
pop,1sbEeUY8KsdvgiQi26JBFz,POPSTAR (feat. Drake),DJ Khaled,163.085,0.803,0.565,0.0558,200221,0.0,0.141,-4.711,0,0.235,4,0.474
pop,2BgEsaKNfHUdlh97KmvFyo,2002,Anne-Marie,96.133,0.697,0.683,0.0372,186987,0.0,0.137,-2.881,0,0.117,4,0.603
pop,6ocbgoVGwYJhOv1GgI9NsF,7 rings,Ariana Grande,139.848,0.777,0.317,0.591,178627,0.0,0.0881,-10.732,0,0.308,4,0.33
pop,5GkQIP5mWPi4KZLLXeuFTT,motive (with Doja Cat),Ariana Grande,116.965,0.789,0.742,0.0681,167990,0.0,0.166,-5.664,0,0.0652,4,0.661
pop,35mvY5S1H3J2QZyna3TFe0,positions,Ariana Grande,144.015,0.737,0.802,0.468,172325,0.0,0.0931,-4.771,1,0.0878,4,0.682
pop,2qT1uLXPVPzGgFOx4jtEuo,no tears left to cry,Ariana Grande,121.993,0.699,0.713,0.04,205920,3.11e-06,0.294,-5.507,0,0.0594,4,0.354
pop,2meEiZKWkiN28gITzFwQo5,Into You,Ariana Grande,107.853,0.623,0.734,0.0162,244453,1.75e-06,0.145,-5.948,1,0.107,4,0.37
pop,3e9HZxeyfWwjeyPAMmWSSQ,"thank u, next",Ariana Grande,106.976,0.72,0.654,0.227,207320,0.0,0.101,-5.634,1,0.0647,4,0.411
pop,7DnAm9FOTWE3cUvso43HhI,Sweet but Psycho,Ava Max,133.002,0.72,0.706,0.0684,187436,0.0,0.166,-4.719,1,0.0473,4,0.62
pop,7a53HqqArd4b9NF4XAmlbI,Kings & Queens,Ava Max,129.857,0.637,0.69,0.00786,162399,0.0,0.124,-4.057,0,0.0405,4,0.457
pop,2P4OICZRVAQcYAV2JReRfj,Waiting For Love,Avicii,127.999,0.579,0.736,0.31,230613,0.0,0.198,-3.863,0,0.0527,4,0.613
pop,6h5PAsRni4IRlxWr6uDPTP,More Than You Know,Axwell /\ Ingrosso,123.077,0.646,0.741,0.0275,203000,0.0,0.312,-4.973,0,0.034,4,0.571
pop,20R4HfKloPKgXDqU7UKk3x,Therefore I Am,Billie Eilish,94.016,0.879,0.365,0.227,173539,0.135,0.0583,-7.781,1,0.0924,4,0.663
pop,6b8Be6ljOzmkOmFslEb23P,24K Magic,Bruno Mars,106.97,0.818,0.803,0.034,225983,0.0,0.153,-4.282,1,0.0797,4,0.632
pop,3Vo4wInECJQuz9BIBMOu8i,Finesse - Remix; feat. Cardi B,Bruno Mars,105.115,0.704,0.859,0.0185,217289,0.0,0.0215,-4.877,0,0.0996,4,0.926
pop,1rfofaqEpACxVEHIZBJe6W,Havana (feat. Young Thug),Camila Cabello,104.988,0.765,0.523,0.184,217307,3.56e-05,0.132,-4.333,1,0.03,4,0.394
pop,5OCJzvD7sykQEKHH7qAC3C,God is a woman,Ariana Grande,145.031,0.602,0.658,0.0233,197547,6e-05,0.237,-5.934,1,0.0558,4,0.268
pop,4OafepJy2teCjYJbvFE60J,breathin,Ariana Grande,100.049,0.568,0.656,0.0211,198160,1.37e-05,0.213,-5.413,1,0.0433,4,0.364
pop,1pKeFVVUOPjFsOABub0OaV,Side To Side,Ariana Grande,159.173,0.65,0.736,0.0528,226160,0.0,0.235,-5.84,0,0.229,4,0.613
pop,2h1IPjP471JJRSShTHRUhi,Dangerous Woman,Ariana Grande,134.052,0.677,0.604,0.0612,235947,0.0,0.353,-5.32,1,0.0385,3,0.297
pop,2OALaHcDdKkjYEpAr0Qzab,Lonely Together (feat. Rita Ora),Avicii,102.977,0.655,0.666,0.134,181812,2.12e-05,0.0683,-5.309,1,0.0612,4,0.272
pop,2Fxmhks0bxGSBdJ92vM42m,bad guy,Billie Eilish,135.128,0.701,0.425,0.328,194088,0.13,0.1,-10.965,1,0.375,4,0.562
pop,3Fj47GNK2kUF0uaEDgXLaD,wish you were gay,Billie Eilish,118.028,0.853,0.351,0.39,221543,9.38e-06,0.752,-10.198,1,0.241,4,0.282
pop,4SSnFejRGlZikf02HLewEF,bury a friend,Billie Eilish,120.046,0.905,0.389,0.74,193143,0.162,0.106,-14.505,1,0.332,4,0.196
pop,4RVwu0g32PAqgUiJoXsdF8,Happier Than Ever,Billie Eilish,81.055,0.332,0.225,0.767,298899,0.00349,0.128,-8.697,1,0.0348,3,0.297
pop,0KKkJNfGyhkQ5aFogxQAPU,That's What I Like,Bruno Mars,134.066,0.853,0.56,0.013,206693,0.0,0.0944,-4.961,1,0.0406,4,0.86
pop,7sMBvZCSUl99bJLXZaLa0b,Smokin Out The Window,Bruno Mars,82.03,0.627,0.618,0.0558,197443,0.0,0.351,-8.529,1,0.0437,4,0.848
pop,3yOlyBJuViE2YSGn3nVE1K,My Oh My (feat. DaBaby),Camila Cabello,105.046,0.724,0.491,0.018,170746,1.29e-05,0.0887,-6.024,1,0.0296,4,0.383
pop,4eWQlBRaTjPPUlzacqEeoQ,Never Be the Same,Camila Cabello,129.923,0.637,0.713,0.181,226973,0.000637,0.137,-4.333,1,0.0747,4,0.243
pop,1058fW9H3fZA6QjYCdOBad,Don't Go Yet,Camila Cabello,110.108,0.666,0.796,0.0492,164842,0.0,0.0442,-6.967,0,0.103,4,0.61
pop,5nujrmhLynf4yMoMtj8AQF,Levitating (feat. DaBaby),Dua Lipa,102.977,0.702,0.825,0.00883,203064,0.0,0.0674,-3.787,0,0.0601,4,0.915
pop,2ekn2ttSfGqwhhate0LSR0,New Rules,Dua Lipa,116.073,0.762,0.7,0.00261,209320,1.56e-05,0.153,-6.021,0,0.0694,4,0.608
pop,3PfIrDoz19wz7qK7tYeu62,Don't Start Now,Dua Lipa,123.95,0.793,0.793,0.0123,183290,0.0,0.0951,-4.521,0,0.083,4,0.679
pop,017PF4Q3l4DBUiWoXk4OWT,Break My Heart,Dua Lipa,113.011,0.73,0.729,0.167,221820,1.39e-06,0.349,-3.434,0,0.0884,4,0.467
pop,60ynsPSSKe6O3sfwRnIBRf,Streets,Doja Cat,90.035,0.749,0.463,0.21,226987,0.0382,0.338,-8.433,1,0.0842,4,0.189
pop,1VJwtWR6z7SpZRwipI12be,Candy,Doja Cat,124.876,0.689,0.516,0.513,190920,0.0,0.163,-5.857,1,0.0444,4,0.209
pop,1OAh8uOEOvTDqkKFsKksCi,Wild Thoughts (feat. Rihanna & Bryson Tiller),DJ Khaled,97.979,0.671,0.672,0.0329,204173,0.0,0.118,-3.094,0,0.0688,4,0.632
pop,1zi7xx7UVEFkmKfv06H8x0,One Dance,Drake,103.967,0.792,0.625,0.00776,173987,0.0018,0.329,-5.609,1,0.0536,4,0.37
pop,2YpeDb67231RjR0MgVLzsG,Old Town Road - Remix,Lil Nas X,136.041,0.878,0.619,0.0533,157067,0.0,0.113,-5.56,1,0.102,4,0.639
pop,00Blm7zeNqgYLPtW6zg8cj,One Right Now (with The Weeknd),Post Malone,97.014,0.687,0.781,0.0361,193507,0.0,0.0755,-4.806,1,0.053,4,0.688
pop,21jGcNKet2qwijlDFuPiPb,Circles,Post Malone,120.042,0.695,0.763,0.189,215280,0.00242,0.0863,-3.497,1,0.0396,4,0.551
pop,0RiRZpuVRbi7oqRdSMwhQY,Sunflower - Spider-Man: Into the Spider-Verse,Post Malone,89.96,0.755,0.522,0.533,157560,0.0,0.0685,-4.368,1,0.0575,4,0.925
pop,7dt6x5M1jzdTEt8oCbisTK,Better Now,Post Malone,145.07,0.674,0.578,0.331,231267,0.0,0.135,-5.804,1,0.0408,4,0.34
pop,6f5ExP43esnvdKPddwKXJH,Better Days (NEIKED x Mae Muller x Polo G),NEIKED,110.054,0.717,0.671,0.0018,160657,2.54e-06,0.0921,-5.077,0,0.0337,4,0.699
pop,7ef4DlsgrMEH11cDZd32M6,One Kiss (with Dua Lipa),Calvin Harris,123.994,0.791,0.862,0.037,214847,2.19e-05,0.0814,-3.24,0,0.11,4,0.592
pop,0azC730Exh71aQlOt9Zj3y,This Is What You Came For,Calvin Harris,123.962,0.631,0.927,0.199,222160,0.119,0.148,-2.787,0,0.0332,4,0.465
pop,5N5k9nd479b1xpDZ4usjrg,Promises (with Sam Smith),Calvin Harris,123.07,0.781,0.768,0.0119,213309,4.91e-06,0.325,-5.991,1,0.0394,4,0.486
pop,22mek4IiqubGD9ctzxc69s,How Deep Is Your Love,Calvin Harris,122.003,0.738,0.868,0.0392,212640,0.00169,0.388,-4.373,0,0.0731,4,0.336
pop,5bcTCxgc7xVfSaMV3RuVke,"Feels (feat. Pharrell Williams, Katy Perry & Big Sean)",Calvin Harris,101.018,0.893,0.745,0.0642,223413,0.0,0.0943,-3.105,0,0.0571,4,0.872
pop,0lMbuWUpfTWhEmOKxppEau,Rollin (feat. Future & Khalid),Calvin Harris,91.953,0.753,0.76,0.446,272653,3.13e-05,0.182,-4.518,0,0.0859,4,0.657
pop,1vvNmPOiUuyCbgWmtc6yfm,My Way,Calvin Harris,119.986,0.818,0.913,0.093,219160,3.69e-05,0.161,-3.06,0,0.0426,4,0.536
pop,40YcuQysJ0KlGQTeGUosTC,"Me, Myself & I",G-Eazy,111.995,0.756,0.674,0.0184,251467,0.0,0.158,-6.518,0,0.0959,4,0.389
pop,23L5CiUhw2jV1OIMwthR3S,In the Name of Love,Martin Garrix,133.99,0.501,0.519,0.109,195707,0.0,0.454,-5.88,0,0.0409,4,0.168
pop,04ZTP5KsCypmtCmQg5tH9R,I'm a Mess,Bebe Rexha,97.005,0.63,0.694,0.00281,195519,0.0,0.0719,-6.257,0,0.0253,4,0.216
pop,5cF0dROlMOK5uNZtivgu50,Attention,Charlie Puth,100.066,0.775,0.613,0.109,208787,2.33e-05,0.134,-4.586,0,0.0542,4,0.797
pop,06KyNuuMOX1ROXRhj787tj,We Don't Talk Anymore (feat. Selena Gomez),Charlie Puth,100.017,0.728,0.563,0.621,217707,0.0,0.179,-8.053,0,0.134,4,0.352
pop,6wmAHw1szh5RCKSRjiXhPe,How Long,Charlie Puth,109.974,0.845,0.561,0.211,200853,3.49e-06,0.0383,-5.253,0,0.0778,4,0.811
pop,2JzZzZUQj3Qff7wapcbKjc,See You Again (feat. Charlie Puth),Wiz Khalifa,80.025,0.689,0.481,0.369,229526,1.03e-06,0.0649,-7.503,1,0.0815,4,0.283
pop,3WGJSY8JaGliVIJyMig5aS,1999,Charli xcx,124.016,0.745,0.728,0.0183,189200,1.5e-06,0.14,-4.686,1,0.034,4,0.625
pop,46HNZY1i7O6jwTA7Slo2PI,My Universe,Coldplay,105.006,0.573,0.711,0.0114,226198,0.0,0.328,-6.268,0,0.0406,4,0.47
pop,3RiPr603aXAoi4GHyXx0uy,Hymn for the Weekend,Coldplay,90.027,0.491,0.693,0.211,258267,6.92e-06,0.325,-6.487,0,0.0377,4,0.412
pop,69uxyAqqPIsUyTO8txoP2M,Adventure of a Lifetime,Coldplay,111.995,0.638,0.924,0.00205,263787,0.000175,0.149,-3.887,1,0.036,4,0.53
pop,0VjIjW4GlUZAMYd2vXMi3b,Blinding Lights,The Weeknd,171.001,0.513,0.73,0.00143,200040,9.54e-05,0.0897,-5.94,1,0.0598,4,0.334
pop,2gpWyfu7eZ01zzncHpxOtA,Moth To A Flame (with The Weeknd),Swedish House Mafia,120.122,0.542,0.659,0.00279,234000,0.0,0.105,-7.289,1,0.0389,4,0.109
pop,3dhjNA0jGA8vHBQ1VdD6vV,I Feel It Coming,The Weeknd,92.987,0.773,0.819,0.428,269187,0.0,0.0679,-5.946,0,0.118,4,0.585
pop,2Ch7LmS7r2Gy2kc64wv3Bz,Die For You,The Weeknd,133.63,0.586,0.525,0.111,260253,0.0,0.134,-7.163,0,0.0616,4,0.507
pop,7szuecWAPwGoV1e5vGu8tl,In Your Eyes,The Weeknd,100.019,0.667,0.719,0.0028,237520,7.92e-05,0.0736,-5.371,0,0.0346,4,0.718
pop,5QO79kh1waicV47BqGRL3g,Save Your Tears,The Weeknd,118.049,0.679,0.825,0.0212,215627,1.21e-05,0.543,-5.487,1,0.0309,4,0.644
pop,7fBv7CLKzipRk6EC6TWHOB,The Hills,The Weeknd,113.003,0.585,0.564,0.0671,242253,0.0,0.135,-7.063,0,0.0515,4,0.137
pop,22VdIZQfgXJea34mQxlt81,Can't Feel My Face,The Weeknd,107.949,0.705,0.769,0.113,213520,0.0,0.105,-5.526,0,0.0425,4,0.583
pop,1nH2PkJL1XoUq8oE6tBZoU,Sacrifice,The Weeknd,122.0,0.735,0.795,0.0296,188918,3.18e-05,0.0678,-6.523,0,0.113,4,0.905
pop,2hrUO4drrO63i7FYbCLBl2,Rockabye (feat. Sean Paul & Anne-Marie),Clean Bandit,102.002,0.717,0.73,0.383,251173,0.0,0.398,-4.729,0,0.0568,4,0.792
pop,72gv4zhNvRVdQA0eOenCal,Symphony (feat. Zara Larsson),Clean Bandit,122.956,0.715,0.605,0.239,212733,1.41e-05,0.189,-5.128,0,0.0428,4,0.454
pop,3NuK5xMlSlB6K2Qp16zf3h,Solo (feat. Demi Lovato),Clean Bandit,104.966,0.74,0.622,0.0357,222707,4.85e-05,0.356,-4.608,0,0.0446,4,0.556
pop,0zzVTGyRrWpQu8Fr28NRAv,OK Not To Be OK,Marshmello,103.072,0.743,0.837,0.0172,159863,0.0,0.0743,-5.025,0,0.0649,4,0.263
pop,2zFF6jG5hQArbzcXz3KUWk,Cool for the Summer,Demi Lovato,114.06,0.583,0.61,0.00425,214740,0.000105,0.14,-5.639,0,0.0382,4,0.336
pop,0yvPEnB032fojLfVluFjUv,Sorry Not Sorry,Demi Lovato,143.944,0.705,0.643,0.0242,203760,0.0,0.262,-6.929,0,0.232,4,0.884
pop,2dpaYNEQHiRxtZbfNsse99,Happier,Marshmello,100.011,0.687,0.792,0.191,214290,0.0,0.167,-2.749,1,0.0452,4,0.671
pop,2Y0wPrPQBrGhoLn14xRYCG,Come & Go (with Marshmello),Juice WRLD,144.991,0.625,0.814,0.0172,205485,0.0,0.158,-5.181,1,0.0657,4,0.535
pop,0tBbt8CrmxbjRP0pueQkyU,Wolves,Selena Gomez,124.996,0.725,0.804,0.124,197993,0.0,0.204,-4.614,0,0.0422,4,0.31
pop,3Z8FwOEN59mRMxDCtb8N0A,Be Kind (with Halsey),Marshmello,93.992,0.63,0.633,0.00776,172762,0.0,0.0541,-7.088,1,0.0457,4,0.452
pop,0lYBSQXN6rCTvUZvg9S0lU,Let Me Love You,DJ Snake,199.892,0.475,0.715,0.0863,205947,2.67e-05,0.135,-5.371,1,0.058,4,0.159
pop,0g5EKLgdKvNlln7TNqBByK,Middle,DJ Snake,104.879,0.583,0.695,0.0138,220573,0.0,0.0527,-5.336,1,0.0423,4,0.224
pop,1qE47wUKG2juJwPoLqg4C9,Lean On (feat. MØ & DJ Snake),Major Lazer,98.007,0.723,0.809,0.00346,176561,0.00123,0.565,-3.081,0,0.0625,4,0.274
rock,265jHUE2zMARKwtIhkknsS,Numb,Linkin Park,110.072,0.488,0.87,0.00353,187520,0.0,0.484,-4.185,0,0.0421,4,0.211
rock,3YRCqOhFifThpSRFJ1VWFM,November Rain,Guns N' Roses,79.79,0.294,0.64,0.016,536067,0.22,0.112,-9.316,1,0.0291,4,0.226
rock,4TMhakloPMPS84lNHNTSa3,Smells Like Teen Spirit - Remastered 2021,Nirvana,116.731,0.489,0.918,3.53e-05,300893,7.64e-05,0.0908,-4.502,1,0.0554,4,0.691
rock,60a0Rd6pjrkxjPbaKzXjfq,In the End,Linkin Park,105.143,0.556,0.864,0.00958,216880,0.0,0.209,-5.87,0,0.0584,4,0.4
rock,79UJTjTabqsQUhLkTJlSit,What's Up?,4 Non Blondes,135.208,0.569,0.594,0.0416,292162,7.32e-06,0.116,-8.133,0,0.0279,4,0.424
rock,5JFZ9Dn9Br9d0C3BEaO75L,Back for More,Hurricane on Saturn,125.052,0.679,0.742,0.036,202102,0.0,0.0791,-7.863,0,0.029,4,0.552
rock,1AhDOtG9vPSOmsWgNW0BEY,Bohemian Rhapsody - Remastered 2011,Queen,71.105,0.414,0.404,0.271,354320,0.0,0.3,-9.928,0,0.0499,4,0.224
rock,7o2CTH4ctstm8TNelqjb51,Sweet Child O' Mine,Guns N' Roses,125.116,0.454,0.91,0.0866,354520,0.0996,0.116,-7.766,1,0.0448,4,0.629
rock,5FVd6KXrgO9B3JPmC8OPst,Do I Wanna Know?,Arctic Monkeys,85.03,0.548,0.532,0.186,272394,0.000263,0.217,-7.596,1,0.0323,4,0.405
rock,68HyvTUsmlpH1UJo9tn5v3,Zombie,The Cranberries,165.187,0.252,0.738,0.0145,307440,0.000497,0.375,-5.326,1,0.0446,4,0.256
rock,57bgtoPSgt236HzfBOd8kj,Thunderstruck,AC/DC,133.52,0.502,0.89,0.000147,292880,0.0117,0.217,-5.175,1,0.0364,4,0.259
rock,0YiqstoUoXgePF6Oi7ySra,Monsters,Hurricane on Saturn,75.005,0.571,0.894,0.0441,261000,6.15e-06,0.123,-4.561,0,0.0696,4,0.452
rock,1zOaxkbS1kAY1gIi0g8sOm,It's My Life,Bon Jovi,119.992,0.551,0.913,0.0263,224493,1.35e-05,0.347,-4.063,0,0.0466,4,0.544
rock,646J2jOtUe4Jflrmh6JFjN,Bring Me To Life,Evanescence,189.892,0.312,0.946,0.00749,235893,2.93e-06,0.288,-3.209,0,0.107,4,0.297
rock,0nLiqZ6A27jJri2VCalIUs,Nothing Else Matters,Metallica,142.352,0.553,0.362,0.0458,388267,6.01e-06,0.075,-11.218,0,0.0263,3,0.158
rock,5V3mdRI2yQxbSsJGDPc5lD,Chop Suey!,System Of A Down,127.204,0.42,0.929,0.000353,210240,0.000747,0.122,-3.899,0,0.121,4,0.3
rock,1JSTJqkT5qHq8MDJnJbRE1,Every Breath You Take,The Police,117.401,0.82,0.452,0.543,253920,0.00294,0.0714,-9.796,1,0.0348,4,0.74
rock,2U64TRs9DKbGzs2fPxSGdx,Rescue Light,Hurricane on Saturn,152.041,0.428,0.943,0.00162,199737,0.0,0.814,-4.129,1,0.0798,4,0.605
rock,2wVXSc0IrQVodHESUxVUJA,Losing My Religion,R.E.M.,125.632,0.664,0.852,0.174,268427,0.0,0.1,-4.996,0,0.029,4,0.807
rock,3YuaBvuZqcwN3CEAyyoaei,Like a Stone,Audioslave,107.849,0.614,0.568,0.00797,293960,0.0,0.0997,-5.477,0,0.0276,4,0.516
rock,3MrRksHupTVEQ7YbA0FsZK,The Final Countdown,Europe,117.662,0.529,0.843,0.0628,310333,0.000827,0.0608,-6.908,0,0.0616,4,0.188
rock,37ZJ0p5Jm13JPevGcx4SkF,Livin' On A Prayer,Bon Jovi,122.509,0.532,0.887,0.0778,249293,0.000206,0.294,-3.757,1,0.0335,4,0.794
rock,48UPSzbZjgc449aqz8bxox,Californication,Red Hot Chili Peppers,96.483,0.592,0.767,0.0021,329733,0.00165,0.127,-2.788,0,0.027,4,0.328
rock,6IadkySzhPNWU0ZrXhVimN,In Ash,Hurricane on Saturn,110.01,0.56,0.846,0.000803,256319,0.000154,0.197,-5.956,0,0.0464,4,0.256
rock,3ovjw5HZZv43SxTwApooCM,Wind Of Change,Scorpions,151.505,0.452,0.524,0.315,312360,0.0,0.103,-10.108,1,0.0351,4,0.246
rock,5PsUB0ISfQxRLhF5DmI5Ks,Don't Speak,No Doubt,76.05,0.522,0.707,0.24,263000,2.04e-05,0.156,-7.113,0,0.0354,4,0.572
rock,6Gn02ZC8juXwQ10Xk7ACXx,The Reason,Hoobastank,82.957,0.474,0.659,0.0125,232800,0.0,0.154,-4.667,1,0.0292,4,0.075
rock,3Z9PJ6xiEGmcqo2hESEB5n,Bitter Sweet Symphony,The Verve,171.112,0.362,0.911,0.0336,357267,0.0,0.466,-5.966,1,0.049,4,0.498
rock,08mG3Y1vljYA6bvDt4Wqkj,Back In Black,AC/DC,188.386,0.31,0.7,0.011,255493,0.00965,0.0828,-5.678,1,0.047,4,0.763
rock,3PcpJD8HqRaCDZrEtKdH9h,Pollute the Mainstream,Hurricane on Saturn,141.999,0.556,0.83,0.000549,226347,0.000864,0.16,-8.092,1,0.0302,4,0.566
rock,6b2oQwSGFkzsMtQruIWm2p,Creep,Radiohead,91.841,0.515,0.43,0.0102,238640,0.000141,0.129,-9.935,1,0.0369,4,0.104
rock,0kish3Tobj6Wq0we74343q,Always,Bon Jovi,143.713,0.377,0.658,0.117,353320,0.0,0.0677,-5.589,1,0.0318,4,0.307
rock,7F8JbSCPBXm3IxMx2UMMhH,Eye of the Tiger,Survivor,109.016,0.806,0.599,0.195,244080,0.000455,0.0837,-9.379,0,0.0323,4,0.556
rock,1Cj2vqUwlJVG27gJrun92y,The Sound of Silence,Disturbed,85.794,0.322,0.28,0.468,248467,1.1e-06,0.102,-9.367,0,0.0281,4,0.175
rock,2374M0fQpWi3dLnB54qaLX,Africa,TOTO,92.718,0.671,0.373,0.257,295893,8.01e-05,0.0481,-18.064,1,0.0323,4,0.732
rock,6d2bkGmpzE0sfajoHLDcQa,When War Comes,Hurricane on Saturn,139.878,0.476,0.854,0.01,214821,6.73e-05,0.603,-5.586,0,0.0632,4,0.213
rock,46SOM5rxqJ6YWAQUAX93xa,My Immortal,Evanescence,144.23,0.287,0.264,0.913,264627,0.0,0.106,-7.469,1,0.0355,3,0.17
rock,7MeXwzhSDGfqNfuFANgzVC,Toxicity,System Of A Down,116.335,0.407,0.876,0.000254,218933,0.00265,0.215,-4.145,1,0.0529,3,0.521
rock,5T8EDUDqKcs6OSOwEsfqG7,Don't Stop Me Now - Remastered 2011,Queen,156.295,0.559,0.868,0.0475,209413,0.000176,0.776,-5.276,1,0.17,4,0.609
rock,5IXk34xSm6rxNgXkCveC3r,Here Without You,3 Doors Down,143.991,0.556,0.545,0.0635,238560,0.0,0.124,-6.768,0,0.0255,4,0.193
rock,03EnOL1O9EKi9CFNmPyrCm,Please Forgive Me,Bryan Adams,67.018,0.558,0.46,0.497,355640,0.0,0.103,-7.032,1,0.0278,3,0.145
rock,2Bhnzebko84NKCscEEk2IQ,Solo Sangue,Hurricane on Saturn,140.08,0.574,0.844,0.000394,210839,0.0116,0.156,-8.137,1,0.0523,4,0.47
rock,3YBZIN3rekqsKxbJc9FZko,Paradise City,Guns N' Roses,100.271,0.273,0.952,0.0169,405640,0.0111,0.142,-8.762,1,0.0843,4,0.472
rock,0HJRAM7Gt9jXskuXjZeFX3,Holiday / Boulevard of Broken Dreams,Green Day,167.086,0.29,0.827,0.000659,493400,2.55e-06,0.301,-3.451,1,0.0362,4,0.45
rock,7D5n2kpYH2WSqIyEO9MeXf,Patience,Guns N' Roses,120.459,0.457,0.266,0.711,354400,0.000261,0.124,-14.465,1,0.0313,4,0.372
rock,6kvoHl80mfCVTv7XnZkjQn,"It Must Have Been Love - From the Film ""Pretty Woman""",Roxette,80.61,0.52,0.652,0.339,258787,6.14e-05,0.256,-6.655,1,0.0274,4,0.722
rock,0ZEhlT9v8CdOKu55zhYGv9,Don't Cry (Original),Guns N' Roses,124.172,0.437,0.572,0.00191,284800,0.00243,0.116,-8.648,0,0.0339,4,0.239
rock,20sUFOx6osdeALgtkYo3QD,Noizbleed,Hurricane on Saturn,125.121,0.584,0.826,0.000713,197757,0.00238,0.272,-6.815,1,0.0453,4,0.477
rock,64BbK9SFKH2jk86U3dGj2P,Otherside,Red Hot Chili Peppers,123.229,0.458,0.795,0.00316,255373,0.000202,0.0756,-3.265,1,0.0574,4,0.513
rock,07q0QVgO56EorrSGHC48y3,I Was Made For Lovin' You,KISS,128.373,0.768,0.852,0.214,271240,7.36e-05,0.0723,-6.215,1,0.038,4,0.867
rock,4npgZHPUKjWn6ipv6wl66Q,More Than Words,Extreme,91.625,0.623,0.127,0.452,333996,0.0,0.114,-14.935,1,0.0306,4,0.237
rock,5dRQUolXAVX3BbCiIxmSsf,Your Love,The Outfield,129.607,0.555,0.757,0.103,221840,1.16e-06,0.0631,-7.868,0,0.0601,4,0.582
rock,7aUuoq4oMfLxaLa5GVUDHi,Way down We Go,KALEO,81.663,0.59,0.578,0.612,219560,0.000162,0.0837,-5.798,0,0.0528,4,0.264
rock,65qNhirLIUZRFegmA8PLzS,We Die Young,Hurricane on Saturn,124.932,0.568,0.896,0.000282,229623,0.0678,0.0592,-5.599,1,0.0466,4,0.742
rock,2cBGl1Ehr1D9xbqNmraqb4,Crazy,Aerosmith,162.252,0.354,0.864,0.094,316693,0.0,0.135,-3.878,0,0.0386,3,0.436
rock,1bdXMstfxFWYSkEFTnJMoN,Enter Sandman,Metallica,123.257,0.577,0.828,0.00213,331267,0.0114,0.0581,-8.691,0,0.0298,4,0.604
rock,3m6KkYKdnbffMpGd9Pm9FP,Seven Nation Army,The White Stripes,123.889,0.745,0.466,0.00666,231920,0.35,0.272,-7.62,0,0.0864,4,0.303
rock,5HbCnVLXRyZVxnreOPgJCK,Girlfriend,Avril Lavigne,163.983,0.56,0.959,0.000738,216600,0.000206,0.209,-2.433,1,0.102,4,0.67
rock,1Eb90nmqTrxylKFhcUzW8P,(Everything I Do) I Do It For You,Bryan Adams,131.23,0.533,0.36,0.0805,393640,9.57e-06,0.0631,-12.633,1,0.0282,4,0.299
rock,4bpUxvEEH1Jb62Z1ik1dK4,Sturm,Hurricane on Saturn,116.042,0.588,0.69,0.00141,246037,0.000484,0.0856,-8.389,1,0.0409,4,0.0661
rock,18lR4BzEs7e3qzc0KVkTpU,What I've Done,Linkin Park,120.092,0.627,0.935,0.0092,205227,0.0,0.147,-4.882,1,0.0324,4,0.287
rock,5vdp5UmvTsnMEMESIF2Ym7,Another One Bites The Dust - Remastered 2011,Queen,109.967,0.933,0.528,0.112,214653,0.312,0.163,-6.472,0,0.161,4,0.754
rock,2zYzyRzz6pRmhPzyfMEC8s,Highway to Hell,AC/DC,115.728,0.574,0.913,0.061,208400,0.00158,0.156,-4.793,0,0.133,4,0.423
rock,6lEuFGrUqR9Yc6hSsHPnYP,"I Don't Want to Miss a Thing - From ""Armageddon"" Soundtrack",Aerosmith,121.16,0.39,0.649,0.172,299760,0.0,0.216,-5.163,1,0.0345,4,0.144
rock,4pbJqGIASGPr0ZpGpnWkDn,We Will Rock You - Remastered 2011,Queen,81.308,0.692,0.497,0.676,122067,0.0,0.259,-7.316,1,0.119,4,0.475
rock,0iHdS7s7ezMIx3H7DbBLQB,Pitch Black,Hurricane on Saturn,144.923,0.589,0.896,0.00278,193824,0.18,0.7,-7.891,0,0.0725,4,0.38
rock,6Wx88Mv6b9ofjKMKkdwOJd,New Divide,Linkin Park,117.971,0.493,0.808,0.000235,268613,0.0,0.0983,-3.365,0,0.0362,4,0.38
rock,0bVtevEgtDIeRjCJbK3Lmv,Welcome To The Jungle,Guns N' Roses,123.453,0.447,0.954,0.0235,272027,0.403,0.298,-8.069,1,0.0751,4,0.331
rock,2n6FX3Jcg4b4Leoz0GOqBF,Wherever You Will Go,The Calling,112.03,0.555,0.717,0.0414,208507,0.0,0.116,-5.114,1,0.0269,4,0.374
rock,3cwDSDzTiWr5H5xMQhQ6Mx,Du hast,Rammstein,125.105,0.64,0.922,0.00369,234227,0.055,0.332,-6.283,0,0.0385,4,0.716
rock,1r1fPuhj9H4VdXr7OK6FL5,CASTLE OF GLASS,Linkin Park,108.0,0.615,0.911,0.0686,205400,0.00188,0.0908,-3.584,0,0.0278,4,0.685
rock,1jR2NwSflmD6Ffibd71Ctx,Nothing I Can Do,Hurricane on Saturn,120.028,0.535,0.651,0.156,209421,0.0779,0.284,-8.435,0,0.034,4,0.414
rock,7x8dCjCr0x6x2lXKujYD34,The Pretender,Foo Fighters,172.984,0.433,0.959,0.000917,269373,0.0,0.028,-4.04,1,0.0431,4,0.365
rock,4LFwNJWoj74Yd71fIr1W8x,Right Here Waiting,Richard Marx,177.679,0.395,0.252,0.8,264333,0.0,0.101,-13.589,1,0.0301,4,0.126
rock,2kYnBtnKKO3fPvGK73Ppo9,Mr. Brightside,The Killers,148.104,0.344,0.931,0.00104,223973,0.0,0.0903,-3.759,1,0.0783,4,0.251
rock,0LnkNEgEXv83bVVvgnB9Et,Come As You Are,Nirvana,119.92,0.49,0.835,8.38e-05,219040,0.00373,0.0908,-6.323,0,0.0332,4,0.519
rock,64yrDBpcdwEdNY9loyEGbX,21 Guns,Green Day,159.779,0.268,0.742,0.0518,321093,0.0,0.626,-4.939,1,0.0355,4,0.416
rock,77OGhwJTmiCTzNQuXQqow3,When I Shoot I Kill,Hurricane on Saturn,135.121,0.548,0.789,0.00217,248110,5.7e-06,0.395,-6.519,1,0.0532,4,0.537
rock,1NCuYqMc8hKMb4cpNTcJbD,Another Day in Paradise - 2016 Remaster,Phil Collins,101.967,0.78,0.565,0.736,322133,0.00269,0.063,-7.32,0,0.0306,4,0.365
rock,6Qyc6fS4DsZjB2mRW9DsQs,Iris,The Goo Goo Dolls,155.925,0.315,0.715,0.00125,289533,7.97e-06,0.0942,-8.072,0,0.0362,3,0.497
rock,0ntQJM78wzOLVeCUAW7Y45,Sex on Fire,Kings of Leon,153.398,0.542,0.905,0.00172,203347,0.0104,0.136,-5.653,1,0.054,4,0.374
rock,1vNoA9F5ASnlBISFekDmg3,Zombie,Bad Wolves,77.093,0.448,0.826,0.00756,254805,0.0,0.117,-3.244,0,0.0319,4,0.19
rock,1G391cbiT3v3Cywg8T7DM1,Scar Tissue,Red Hot Chili Peppers,88.969,0.595,0.717,0.0779,215907,0.00274,0.108,-4.803,1,0.0295,4,0.547
rock,3jWZTn9YmGH5lf0svT3dNH,Let Me Go,Smiley,144.912,0.672,0.648,0.179,183724,0.000501,0.201,-7.368,0,0.0322,4,0.32
rock,63T7DJ1AFDD6Bn8VzG6JE8,"Paint It, Black",The Rolling Stones,158.691,0.464,0.795,0.0493,202267,0.00244,0.399,-9.267,1,0.0926,4,0.612
rock,1ZLtE9tSJdaUiIJ9YoKHQe,Decode,Paramore,164.057,0.28,0.87,0.000686,261960,0.00608,0.101,-4.219,0,0.0592,4,0.284
rock,5EBoNoVE7BoGQ7Hfd2uGUR,Don't Let Me Down - Remastered,The Beatles,77.119,0.593,0.289,0.568,215733,0.000829,0.0928,-11.049,1,0.0259,4,0.733
rock,2oaK4JLVnmRGIO9ytBE1bt,Dark Necessities,Red Hot Chili Peppers,91.959,0.7,0.742,0.0722,302000,0.0199,0.11,-6.777,0,0.0716,4,0.197
rock,2vEQ9zBiwbAVXzS2SOxodY,Nothing's Gonna Stop Us Now,Starship,95.988,0.643,0.801,0.0298,270333,0.0,0.0719,-4.921,1,0.0228,4,0.534
rock,7AK0yeohL3m0N6l7GgzJhE,I Want,Hurricane on Saturn,149.979,0.547,0.958,0.0035,193100,7.96e-06,0.132,-2.448,0,0.121,4,0.452
rock,4rDbp1vnvEhieiccprPMdI,Somebody To Love - Remastered 2011,Queen,109.266,0.406,0.698,0.186,296480,0.0,0.233,-7.024,1,0.0624,3,0.333
rock,1aLNpg2kKvUncflV8xE5AA,Linger,The Cranberries,94.864,0.438,0.428,0.0841,274760,4.63e-05,0.138,-14.861,1,0.0263,4,0.209
rock,1SBuYdJK3a3NU55nGomgAe,Kryptonite,3 Doors Down,97.991,0.608,0.835,0.24,235360,0.0,0.3,-6.157,0,0.0282,4,0.68
rock,2UREu1Y8CO4jXkbvqAtP7g,Monster,Skillet,134.992,0.64,0.957,0.0431,178013,0.0,0.0789,-2.336,1,0.0741,4,0.692
rock,7AB0cUXnzuSlAnyHOqmrZr,Faint,Linkin Park,135.12,0.554,0.98,0.127,162107,0.0,0.0833,-3.514,1,0.108,4,0.611
rock,78TnMTAFmWUWWCgNXR7D3K,Listen To Your Heart,Roxette,86.063,0.539,0.583,0.108,328093,0.0,0.111,-4.935,0,0.0275,4,0.337
rock,0kzw2tRyuL9rzipi5ntlIy,Shut Up and Dance,WALK THE MOON,128.038,0.578,0.866,0.00701,199080,0.0,0.257,-3.804,1,0.0619,4,0.619
rock,4Vn7TykT27PIygBiZjTR2s,Hotel California - 2013 Remaster,Eagles,147.125,0.579,0.508,0.00574,391376,0.000494,0.0575,-9.484,1,0.027,4,0.609
rock,3Xfg7AegXaDLoD5GOUMf2e,My Demons,STARSET,173.008,0.274,0.652,0.00768,288036,6.42e-05,0.108,-6.196,0,0.0625,4,0.1
rock,4LOgi2TAAoKU9ImfzRrCPO,Heaven,Bryan Adams,69.83,0.269,0.572,0.059,243360,1.3e-06,0.123,-7.361,0,0.0278,4,0.364
hip-hop,3N2CRRKaJ3CHfDHsRfo8wW,See You Again,Wiz Khalifa,80.025,0.69,0.48,0.369,229526,0.0,0.0649,-7.503,1,0.0816,4,0.286
hip-hop,1K5KBOgreBi5fkEHvg5ap3,Life Is Good (feat. Drake),Future,142.053,0.795,0.574,0.067,237918,0.0,0.15,-6.903,0,0.487,4,0.537
hip-hop,3jaDgrlpO8P4t50BuvLIPS,In Da Club,50 Cent,90.026,0.907,0.668,0.331,193560,0.0,0.0922,-3.76,0,0.341,4,0.82
hip-hop,0wwPcA6wtMf6HUMpIRdeP7,Hotline Bling,Drake,134.966,0.891,0.628,0.00258,267067,0.00019,0.0504,-7.863,1,0.0551,4,0.552
hip-hop,06wOQGz4bGB7HETrIjpIep,Without Me,Eminem,112.243,0.915,0.656,0.00299,290227,0.0,0.324,-2.827,1,0.0716,4,0.642
hip-hop,4YMqbFcDIFiCBd02PzUBcM,Thrift Shop (feat. Wanz),Macklemore & Ryan Lewis,94.992,0.781,0.526,0.0619,235613,0.0,0.0457,-6.985,0,0.293,4,0.662
hip-hop,4hEl2wrneFEJbJ6SDYWd2f,Not Afraid,Eminem,114.609,0.854,0.954,0.543,248133,0.0,0.201,-1.185,0,0.246,5,0.67
hip-hop,3B54sVLJ402zGa6Xm4YGNe,Unforgettable,French Montana,97.985,0.726,0.769,0.0293,233902,0.0101,0.104,-5.043,1,0.123,4,0.733
hip-hop,6syOdAs4IK8kPWR7gDyjRw,Congratulations,Post Malone,123.087,0.629,0.817,0.199,220293,0.0,0.317,-4.261,1,0.0357,4,0.466
hip-hop,5IaHrVsrferBYDm0bDyABy,Taste (feat. Offset),Tyga,97.994,0.884,0.559,0.0236,232959,0.0,0.101,-7.442,1,0.12,4,0.342
hip-hop,6DCZcSspjsKoFjzjrWoCdn,God's Plan,Drake,77.169,0.754,0.449,0.0332,198973,8.29e-05,0.552,-9.211,1,0.109,4,0.357
hip-hop,7lQWRAjyhTpCWFC0jmclT4,Gangsta's Paradise,Coolio,79.974,0.647,0.514,0.0655,240693,0.0,0.398,-10.05,1,0.0593,4,0.387
hip-hop,6ltPEsP4edATzvinHOzvk2,Still D.R.E.,Dr. Dre,93.43,0.814,0.779,0.175,268005,0.000671,0.0605,-3.271,1,0.235,4,0.544
hip-hop,6sDQ4uiWw9OdVrCXFLSlZt,Rap God,Eminem,148.138,0.712,0.838,0.403,363521,0.0,0.809,-2.679,1,0.313,4,0.607
hip-hop,1FvU97lrWOG2NRxErh6OZz,Bad and Boujee (feat. Lil Uzi Vert),Migos,127.081,0.897,0.661,0.0633,334467,0.0,0.116,-6.2,0,0.27,4,0.193
hip-hop,6UaRii9AH6Zss9xNMEQ2M9,Love The Way You Lie,Eminem,86.961,0.746,0.922,0.246,263373,0.0,0.515,-5.014,1,0.236,4,0.638
hip-hop,2kQuhkFX7uSVepCD3h29g5,Smack That,Akon,118.978,0.939,0.741,0.323,212360,0.0,0.107,-5.171,0,0.0471,4,0.925
hip-hop,5Z01UMMf7V1o0MzF86s6WJ,Lose Yourself,Eminem,171.374,0.692,0.744,0.00868,326467,0.000423,0.359,-4.565,1,0.257,4,0.0612
hip-hop,35ieKju5aLWFN5UgfJ27mL,SAD!,XXXTENTACION,75.023,0.74,0.613,0.258,166568,0.00372,0.123,-4.88,1,0.145,4,0.473
hip-hop,2U7Hu2RaNQNRi7izoJyZaX,rockstar,Post Malone,159.784,0.578,0.532,0.117,218320,8.97e-05,0.143,-6.636,0,0.066,4,0.12
hip-hop,43ZyHQITOjhciSUUNPVRHc,Gucci Gang,Lil Pump,119.889,0.936,0.523,0.239,124056,0.0,0.117,-6.71,1,0.0597,4,0.699
hip-hop,3zb8MJfUXnliRswQXpkYBz,Bodak Yellow,Cardi B,125.015,0.927,0.704,0.0659,223713,0.0,0.231,-6.335,0,0.102,4,0.494
hip-hop,5eqiMMbaeUZ32Q7sS00H35,Anaconda,Nicki Minaj,129.996,0.964,0.605,0.0668,260240,7.78e-06,0.214,-6.223,1,0.179,4,0.646
hip-hop,3bidbhpOYeV4knp8AIu8Xn,Can't Hold Us (feat. Ray Dalton),Macklemore & Ryan Lewis,146.078,0.641,0.922,0.0291,258343,0.0,0.0862,-4.457,1,0.0786,4,0.847
hip-hop,2E124GmJRnBJuXbTb4cPUB,FEFE (feat. Nicki Minaj & Murda Beatz),6ix9ine,125.978,0.931,0.387,0.088,179405,0.0,0.136,-9.127,1,0.412,4,0.376
hip-hop,3swc6WTsr7rl9DqQKQA55C,Psycho (feat. Ty Dolla $ign),Post Malone,140.06,0.75,0.56,0.546,221440,0.0,0.111,-8.094,1,0.105,4,0.459
hip-hop,17baAghWcrewNOcc9dCewx,Mockingbird,Eminem,83.808,0.621,0.672,0.21,251267,0.0,0.13,-3.892,0,0.276,4,0.228
hip-hop,2xLMifQCjDGFmkHkpNLD9h,SICKO MODE,Travis Scott,155.008,0.834,0.73,0.00513,312820,0.0,0.124,-3.714,1,0.222,4,0.446
hip-hop,0pSBuHjILhNEo55xK1zrRt,Rolex,Ayo & Teo,144.946,0.804,0.886,0.0837,238587,0.0,0.266,-2.512,1,0.04,4,0.789
hip-hop,1CvCdoP0Dqx8qrdt2ZdMH6,When I'm Gone - Album Version (Edited),Eminem,77.364,0.496,0.735,0.0543,280093,0.0,0.296,-5.551,0,0.359,4,0.759
hip-hop,285pBltuF7vW8TeWk8hdRR,Lucid Dreams,Juice WRLD,83.903,0.511,0.566,0.349,239836,0.0,0.34,-7.23,0,0.2,4,0.218
hip-hop,1XHjU0TGIgl5lMFKAF25Y3,23,Mike WiLL Made-It,140.02,0.863,0.609,0.000349,252520,3.97e-06,0.129,-5.231,1,0.0564,4,0.326
hip-hop,7ujx3NYtwO2LkmKGz59mXp,HUMBLE.,Kendrick Lamar,150.018,0.906,0.625,0.000243,177000,3.23e-05,0.0975,-6.779,0,0.0903,4,0.423
hip-hop,6gBFPUFcJLzWGx4lenP6h2,goosebumps,Travis Scott,130.049,0.841,0.728,0.0847,243837,0.0,0.149,-3.37,1,0.0484,4,0.43
hip-hop,7KccdUP4IslFXUNNseqBc7,The Real Slim Shady,Eminem,104.495,0.948,0.656,0.0287,284533,0.0,0.0472,-4.34,0,0.0606,4,0.77
hip-hop,5D2mYZuzcgjpchVY1pmTPh,Candy Shop,50 Cent,125.18,0.613,0.574,0.0253,209107,3.13e-05,0.38,-7.961,1,0.467,5,0.755
hip-hop,0b9oOr2ZgvyQu88wzixux9,This Is America,Childish Gambino,120.024,0.854,0.463,0.117,225773,0.0,0.354,-6.159,1,0.137,4,0.549
hip-hop,19gEmPjfqSZT0ulDRfjl0m,Hot N*gga,Bobby Shmurda,167.879,0.794,0.51,0.0505,194561,1.81e-06,0.0562,-7.314,1,0.42,4,0.18
hip-hop,4scpF6J5uMBvoh6sFB7EL1,No Type,Rae Sremmurd,125.079,0.888,0.486,0.0158,200080,4.11e-06,0.0925,-7.803,1,0.16,4,0.232
hip-hop,0fgZUSa7D7aVvv3GfO0A1n,Post to Be (feat. Chris Brown & Jhene Aiko),Omarion,97.448,0.733,0.676,0.0697,226581,0.0,0.208,-5.655,0,0.0432,4,0.701
hip-hop,4NhDYoQTYCdWHTvlbGVgwo,GOOBA,6ix9ine,178.462,0.611,0.688,0.0264,132303,0.0,0.251,-5.688,1,0.341,4,0.393
hip-hop,5iNRPN7oYQvdB9AmeSW6d3,Trap Queen,Fetty Wap,148.075,0.746,0.873,0.0244,222093,0.0,0.354,-3.803,1,0.128,4,0.817
hip-hop,1B75hgRqe7A4fwee3g3Wmu,U Can't Touch This,MC Hammer,133.149,0.867,0.517,0.00449,257360,0.000343,0.0864,-13.22,0,0.088,4,0.862
hip-hop,6MreoQf8oixWI2xRcw3Fv1,Mirror,Lil Wayne,74.267,0.328,0.622,0.858,228093,0.0,0.104,-7.291,0,0.0866,4,0.401
hip-hop,6yr8GiTHWvFfi4o6Q5ebdT,'Till I Collapse,Eminem,171.411,0.551,0.851,0.0748,297893,0.0,0.0784,-3.277,1,0.197,4,0.1
hip-hop,7qUJQSNX9QNf46CC6FgH66,"Sucker for Pain (with Wiz Khalifa, Imagine Dragons, Logic & Ty Dolla $ign feat. X Ambassadors)",Lil Wayne,169.021,0.502,0.786,0.255,243491,0.0,0.65,-4.378,0,0.317,4,0.739
hip-hop,5dAmTL6mn3Mppg3cABrL0g,Panda,Desiigner,101.566,0.601,0.695,0.0216,226520,8.64e-06,0.368,-5.811,0,0.394,3,0.306
hip-hop,5k38wzpLb15YgncyWdTZE4,Him & I (with Halsey),G-Eazy,87.908,0.589,0.731,0.0534,268867,0.0,0.308,-6.343,1,0.0868,4,0.191
hip-hop,20LxTsa6936zOlzTWqoPVt,The Next Episode,Dr. Dre,95.295,0.92,0.891,0.0313,161600,0.0,0.083,-2.398,0,0.253,4,0.311
hip-hop,6jmTHeoWvBaSrwWttr8Xvu,I Mean It (feat. Remo),G-Eazy,140.0,0.712,0.562,0.125,236480,0.0,0.136,-6.008,1,0.129,4,0.142
hip-hop,0AhrTX6TszxuoDjfOSprlz,Stan,Eminem,80.063,0.78,0.768,0.0371,404107,2.34e-06,0.518,-4.325,0,0.238,4,0.507
hip-hop,0Z2J91b2iTGLVTZC4fKgxf,Hit 'Em Up - Single Version,2Pac,95.19,0.916,0.844,0.0394,312627,0.0,0.0778,-3.967,1,0.236,4,0.586
hip-hop,4wFjTWCunQFKtukqrNijEt,MotorSport,Migos,137.993,0.902,0.518,0.0305,303077,0.0,0.325,-5.32,1,0.183,4,0.188
hip-hop,5TEH4r5OBFcKZJBjF4qOxL,death bed (coffee for your head),Powfu,144.004,0.725,0.431,0.731,173333,0.0,0.696,-8.765,0,0.135,4,0.348
hip-hop,2t8yVaLvJ0RenpXUIAC52d,a lot,21 Savage,145.972,0.837,0.636,0.0395,288624,0.00125,0.342,-7.643,1,0.086,4,0.274
hip-hop,6EqElHlXS9rGsLkbgaCIqA,P.I.M.P. - Snoop Dogg Remix,50 Cent,78.045,0.603,0.693,0.0935,288920,0.0,0.0506,-5.897,0,0.358,4,0.834
hip-hop,18QmsgC86DW2MSBV4zlucP,Black and Yellow,Wiz Khalifa,164.02,0.684,0.834,0.0646,217667,0.0,0.271,-4.524,0,0.0675,4,0.538
hip-hop,3eekarcy7kvN4yt5ZFzltW,HIGHEST IN THE ROOM,Travis Scott,76.469,0.598,0.427,0.0546,175721,5.83e-06,0.21,-8.764,0,0.0317,4,0.0605
hip-hop,7ezLh0h5szmKUoOmMoq42L,Murder on My Mind,YNW Melly,115.002,0.759,0.73,0.145,268434,3.06e-06,0.11,-7.983,0,0.0516,4,0.74
hip-hop,7dt6x5M1jzdTEt8oCbisTK,Better Now,Post Malone,145.07,0.674,0.578,0.331,231267,0.0,0.135,-5.804,1,0.0408,4,0.34
hip-hop,0JUlKBWJA1RTZyFCQiiGJY,Freestyle,Lil Baby,120.001,0.877,0.511,0.231,162053,0.0,0.147,-5.572,0,0.0639,4,0.264
hip-hop,40YcuQysJ0KlGQTeGUosTC,"Me, Myself & I",G-Eazy,111.995,0.756,0.674,0.0184,251467,0.0,0.158,-6.518,0,0.0959,4,0.389
hip-hop,7floNISpH8VF4z4459Qo18,Look At Me!,XXXTENTACION,139.059,0.763,0.726,0.259,126346,0.0,0.0976,-6.405,1,0.282,4,0.349
hip-hop,4yfdnCOjuDwf2Ivpo8vg8H,"No Limit REMIX (feat. A$AP Rocky, French Montana, Juicy J & Belly)",G-Eazy,176.051,0.84,0.736,0.0129,278105,0.0,0.0849,-3.757,1,0.289,4,0.415
hip-hop,36UJQSz794btIydfP502s3,Mask Off,Future,150.062,0.833,0.434,0.0102,204600,0.0209,0.165,-8.795,1,0.431,4,0.281
hip-hop,1XRgIKC5TPwo7nWGyKqgG0,I Get the Bag (feat. Migos),Gucci Mane,139.948,0.89,0.633,0.0232,233087,0.000343,0.0993,-5.475,1,0.168,4,0.425
hip-hop,7ycWLEP1GsNjVvcjawXz3z,Praise The Lord (Da Shine) (feat. Skepta),A$AP Rocky,80.015,0.854,0.569,0.0609,205040,0.0816,0.1,-8.151,0,0.106,4,0.294
hip-hop,6drwEceXZH8Yi0Xu9rUXEj,Ready to Die - 2005 Remaster,The Notorious B.I.G.,84.991,0.727,0.831,0.0632,264547,3.63e-05,0.487,-5.713,1,0.31,4,0.504
hip-hop,6u68nH5R3hyc94XImtFDfc,21 Questions,50 Cent,84.53,0.608,0.821,0.356,224427,0.00029,0.0464,-3.939,0,0.337,4,0.896
hip-hop,0QIjsbm2fh1cJ45XO9eGqq,Wake Up in the Sky,Gucci Mane,143.01,0.8,0.578,0.00381,204665,0.0,0.359,-5.144,0,0.0485,4,0.367
hip-hop,5MA2PcR1F5HqV9RYtI3TfM,Crank That (Soulja Boy),Soulja Boy,140.2,0.733,0.74,0.513,221933,0.0,0.0468,-2.18,1,0.0905,4,0.799
hip-hop,51Fjme0JiitpyXKuyQiCDo,Lalala,Y2K,129.972,0.843,0.39,0.178,160627,0.0,0.137,-7.899,1,0.0846,4,0.495
hip-hop,3XVozq1aeqsJwpXrEZrDJ9,Ice Ice Baby,Vanilla Ice,116.012,0.979,0.792,0.0025,254467,7.71e-06,0.102,-2.784,1,0.0388,4,0.583
hip-hop,0x7U32vZzq7e1qVpA0MBwK,Just A Lil Bit,50 Cent,96.946,0.489,0.692,0.0322,237707,0.00608,0.315,-6.672,1,0.41,4,0.527
hip-hop,2XHzzp1j4IfTNp1FTn7YFg,Love Me,Lil Wayne,124.926,0.67,0.634,0.0124,255053,0.0,0.0946,-6.471,1,0.0326,4,0.497
hip-hop,1UZ25gykR30Oewh3dBRtVZ,Only,Nicki Minaj,179.369,0.573,0.495,0.405,312027,0.0,0.0969,-7.245,0,0.592,3,0.255
hip-hop,7GX5flRQZVHRAGd6B4TmDO,XO Tour Llif3,Lil Uzi Vert,155.096,0.732,0.75,0.00264,182707,0.0,0.109,-6.366,0,0.231,4,0.401
hip-hop,6p8NuHm8uCGnn2Dtbtf7zE,Slippery (feat. Gucci Mane),Migos,141.967,0.92,0.675,0.307,304041,0.0,0.104,-5.661,0,0.263,4,0.749
hip-hop,5a0S3P4JeMAoeL79YNc2UJ,Many Men (Wish Death),50 Cent,107.595,0.687,0.836,0.0163,256227,0.00107,0.129,-2.949,0,0.352,5,0.388
hip-hop,6Ozh9Ok6h4Oi1wUSLtBseN,BOP,DaBaby,126.77,0.769,0.787,0.189,159715,0.0,0.129,-3.909,1,0.367,4,0.836
hip-hop,3qQ6WFhcAx6LOH1UHz1c0U,Hookah,Tyga,190.04,0.678,0.484,0.735,202320,0.0,0.117,-6.647,0,0.43,4,0.219
hip-hop,4Oun2ylbjFKMPTiaSbbCih,WAP (feat. Megan Thee Stallion),Cardi B,133.073,0.935,0.454,0.0194,187541,0.0,0.0824,-7.509,1,0.375,4,0.357
hip-hop,2EEeOnHehOozLq4aS0n6SL,iSpy (feat. Lil Yachty),KYLE,75.016,0.746,0.653,0.378,253107,0.0,0.229,-6.745,1,0.289,4,0.672
hip-hop,59ywHNwwchG4nZJMLyxSzd,Clout (feat. Cardi B),Offset,140.022,0.919,0.622,0.23,205803,4.24e-06,0.122,-7.384,1,0.0997,4,0.423
hip-hop,0PvFJmanyNQMseIFrU708S,For The Night (feat. Lil Baby & DaBaby),Pop Smoke,125.971,0.823,0.586,0.114,190476,0.0,0.193,-6.606,0,0.2,4,0.347
hip-hop,1aUT4xl8iiYNr6emik4qTB,I Need A Doctor,Dr. Dre,155.964,0.587,0.931,0.103,283733,1.16e-06,0.346,-4.426,1,0.467,4,0.445
hip-hop,2SAqBLGA283SUiwJ3xOUVI,Laugh Now Cry Later (feat. Lil Durk),Drake,133.976,0.761,0.518,0.244,261493,3.47e-05,0.107,-8.871,1,0.134,4,0.522
hip-hop,0S0vWvyZ6Rc79TXkWxT9QA,Save That Shit,Lil Peep,106.0,0.534,0.583,0.0262,231547,0.0,0.421,-8.672,1,0.0288,4,0.145
hip-hop,5bJ1DrEM4hNCafcDd1oxHx,Self Care,Mac Miller,141.894,0.52,0.538,0.367,345133,0.00187,0.119,-8.109,1,0.206,4,0.177
hip-hop,27oFpFktCq9JIXjJQRuv7a,GOTTI,6ix9ine,161.9,0.728,0.584,0.0524,166852,0.0,0.0658,-7.255,0,0.176,4,0.365
hip-hop,7sO5G9EABYOXQKNPNiE9NR,Ric Flair Drip (with Metro Boomin),Offset,100.007,0.88,0.428,0.149,172800,5.05e-05,0.114,-8.28,1,0.206,4,0.333
hip-hop,1000nHvUdawXuUHgBod4Wv,Panini,Lil Nas X,153.848,0.703,0.594,0.342,114893,0.0,0.123,-6.146,0,0.0752,4,0.475
hip-hop,4sGylyGhQaOzhi77fLrMmP,Big Poppa,The Notorious B.I.G.,84.5,0.765,0.671,0.344,249867,0.0,0.0506,-5.249,0,0.278,4,0.798
hip-hop,5uDASfU19gDxSjW8cnCaBp,Chill Bill (feat. J. Davi$ & Spooks),Rob $tone,108.034,0.886,0.427,0.0312,177184,0.00099,0.0906,-10.028,1,0.145,4,0.23
hip-hop,4y6c5vMzKKM3KsMbHtjKx5,Stronger,Kanye West,103.992,0.617,0.717,0.00564,311867,0.0,0.408,-7.858,0,0.153,4,0.49
hip-hop,3tjFYV6RSFtuktYl3ZtYcq,Mood (feat. iann dior),24kGoldn,90.989,0.7,0.722,0.221,140526,0.0,0.272,-3.558,0,0.0369,4,0.756
hip-hop,6C3XFdZ9sLsVcm4xF1XTKO,INDUSTRY BABY,Lil Nas X,150.011,0.739,0.708,0.0205,212347,0.0,0.0479,-7.407,0,0.0715,4,0.862
hip-hop,1t9WgS8FN0534tLBRwbaxO,Whoopty,CJ,140.201,0.719,0.648,0.2,123263,0.0,0.127,-7.6,0,0.125,4,0.66
hip-hop,2fQrGHiQOvpL9UgPvtYy6G,Bank Account,21 Savage,75.016,0.884,0.347,0.015,220307,7e-06,0.0871,-8.227,0,0.35,4,0.376
hip-hop,30Gd3snWllczPbz2Gd0JMe,Like Toy Soldiers,Eminem,79.178,0.52,0.768,0.0193,296880,0.00034,0.104,-3.489,0,0.359,4,0.398
country,6uTb5oNK9RkTjxmh73W7MG,Die A Happy Man,Thomas Rhett,166.049,0.595,0.389,0.418,227427,1.39e-06,0.116,-9.245,1,0.0349,4,0.4
country,1jNNHFZmRGXZFHlil5uhei,Drunk on Your Love,Brett Eldredge,182.064,0.443,0.831,0.414,173960,0.0,0.204,-5.606,1,0.0616,4,0.588
country,0f1svjHSiaCJif6noKKVHa,Wanted,Hunter Hayes,169.784,0.421,0.476,0.268,228840,0.0,0.0816,-7.692,1,0.0298,4,0.3
country,46ZfPS5VpSQVU5gb82hg3K,Anything Goes,Florida Georgia Line,154.007,0.458,0.976,0.00182,218867,0.0,0.193,-3.791,1,0.0459,4,0.76
country,52lGuLAkIVbm4LZkSf9nj0,Kinfolks,Sam Hunt,76.011,0.569,0.807,0.0876,181933,0.0,0.164,-4.584,1,0.0464,4,0.883
country,4W38RXuQNuoTSwVsQA1OGC,Nothin' Like You,Dan + Shay,84.956,0.589,0.704,0.151,186253,0.0,0.067,-4.772,1,0.0303,4,0.437
country,1eFrhAmzoQnTlwvnqvLt7D,Five More Minutes,Scotty McCreery,156.034,0.496,0.632,0.257,241147,1.07e-06,0.109,-4.933,1,0.0282,4,0.278
country,4k3lPl8YTKuY8c1HelVnm3,'Til You Can't,Cody Johnson,160.087,0.501,0.815,0.0513,224213,0.0,0.106,-4.865,1,0.0436,4,0.46
country,4KULAymBBJcPRpk1yO4dOG,I Remember Everything (feat. Kacey Musgraves),Zach Bryan,77.639,0.429,0.453,0.554,227196,2e-06,0.102,-7.746,1,0.0459,4,0.155
country,4dSoGVrDcbQafRw2FJwbmW,Play It Again,Luke Bryan,143.935,0.508,0.882,0.094,226867,0.0,0.0712,-3.239,1,0.0651,4,0.595
country,7221xIgOnuakPdLqT0F3nP,I Had Some Help (Feat. Morgan Wallen),Post Malone,127.986,0.638,0.855,0.00757,178206,0.0,0.245,-4.86,1,0.0264,4,0.731
country,4686eQ81DEswHa90bcdlC9,Rock and A Hard Place,Bailey Zimmerman,121.991,0.582,0.568,0.577,207541,0.0,0.105,-7.3,1,0.0275,3,0.394
country,67wUHsoXdZ8UOLt6rodpQ9,Cold Beer Calling My Name,Jameson Rodgers,147.931,0.585,0.863,0.0446,210560,0.0,0.0937,-4.061,1,0.0401,4,0.788
country,4FdPnT2cFrpWCmWZd7GXc3,One Mississippi,Kane Brown,100.089,0.471,0.846,0.00279,213719,2.86e-06,0.145,-5.269,1,0.0389,4,0.539
country,2DwbFtfC6sXBiVDPmju8Dd,Happy Anywhere (feat. Gwen Stefani),Blake Shelton,165.755,0.538,0.745,0.1,170173,0.0,0.063,-5.774,1,0.0387,4,0.669
country,3nsfB1vus2qaloUdcBZvDu,All Too Well (Taylor's Version),Taylor Swift,185.972,0.44,0.528,0.0171,329160,0.00203,0.234,-7.809,1,0.0317,4,0.132
country,69AIpwGNLxr4qS1X5ynx60,Buy Dirt,Jordan Davis,177.945,0.586,0.559,0.639,167480,0.0,0.0872,-6.725,1,0.05,4,0.437
country,6aNwDe5YH5YUPlpHkku52w,Sunshine & Whiskey,Frankie Ballard,92.983,0.67,0.737,0.223,182400,0.0,0.325,-6.794,1,0.0434,4,0.754
country,7K3BhSpAxZBznislvUMVtn,Last Night,Morgan Wallen,203.812,0.492,0.673,0.413,163855,0.0,0.137,-5.431,1,0.0347,4,0.488
country,5f3MXmTmstozFg0BH1yPUk,If I Didn't Love You,Jason Aldean,184.075,0.456,0.679,0.176,212030,0.0,0.103,-4.802,1,0.0324,4,0.483
country,2afB4eV1KWBqLqFqME6PTh,Take My Name,Parmalee,163.957,0.559,0.66,0.222,157907,0.0,0.193,-4.143,1,0.0512,4,0.574
country,1zYZs8Vbjhbzx5M3olcRnm,Memory I Don't Mess With,Lee Brice,91.541,0.617,0.704,0.171,180617,0.0,0.0924,-7.61,0,0.0258,4,0.57
country,7vF3xkCMvZjAe2nTWY0uQZ,Made For You,Jake Owen,82.125,0.581,0.441,0.77,238400,2.75e-05,0.111,-6.829,1,0.0268,4,0.337
country,2Hc4t9N2nt37oO4sF9BynI,I Hope,Gabby Barrett,150.01,0.561,0.536,0.0951,209229,0.0,0.114,-6.227,1,0.0346,4,0.378
country,3OMpIoONQH8rSscaZLozFQ,Old Alabama (feat. Alabama),Brad Paisley,115.616,0.378,0.903,0.103,301800,0.000285,0.134,-4.538,1,0.0533,4,0.457
country,1yRke3PmsyFrYlFZOAkABk,half of my hometown (feat. Kenny Chesney),Kelsea Ballerini,138.034,0.57,0.618,0.153,231832,0.0,0.159,-4.966,1,0.0445,4,0.286
country,0gNrujgnSfw4LuSvd0Jbs6,Damn Strait,Scotty McCreery,144.022,0.523,0.64,0.0512,230227,5.52e-05,0.0675,-6.15,1,0.0295,4,0.48
country,0clSHsrHl2irBkObcLEZqS,I Love My Country,Florida Georgia Line,140.093,0.525,0.94,0.0283,185467,0.0,0.236,-3.546,1,0.065,4,0.636
country,3o89rUVV66I2sSvXahzgQ3,Come Back Song,Darius Rucker,177.755,0.516,0.75,0.15,235147,0.0,0.114,-5.621,1,0.0382,4,0.744
country,6NHpyYvJyQsg2nXXzGYc2R,Thought You Should Know,Morgan Wallen,139.993,0.529,0.695,0.488,215572,1.24e-05,0.142,-6.174,1,0.0278,4,0.514
country,0Al3wN3keprGTSgG8NBwjr,I Hope You’re Happy Now,Carly Pearce,118.036,0.591,0.814,0.168,198689,8.87e-06,0.142,-4.725,1,0.0365,4,0.313
country,5TI10v8sy9VPp5YhVRVK1f,Lonely If You Are,Chase Rice,84.979,0.681,0.726,0.162,176729,0.0,0.119,-5.1,1,0.0453,4,0.819
country,0lnpnsrVaW9elGgRxpDCgE,Fancy Like,Walker Hayes,80.018,0.649,0.76,0.114,161853,0.0,0.317,-6.487,1,0.0574,4,0.843
country,6vC90OOjZR165Hw8CpsqEm,Pretty Heart,Parker McCollum,132.0,0.562,0.683,0.00531,244798,0.0,0.107,-4.427,1,0.0296,4,0.384
country,3DA4SE262k6rdEtlHteNyq,Die From A Broken Heart,Maddie & Tae,76.043,0.596,0.522,0.372,188320,0.0,0.291,-6.633,1,0.0358,4,0.443
country,7awFBRzXpFoy8YIm9zOb5s,Dirt Road Anthem,Jason Aldean,127.037,0.678,0.739,0.32,229413,2.36e-06,0.116,-5.068,1,0.0352,4,0.658
country,5QS8PNEWbqTEZyQ6e9ZbJf,Things a Man Oughta Know,Lainey Wilson,139.931,0.659,0.683,0.513,203373,4.93e-06,0.133,-5.623,1,0.0312,4,0.397
country,3d0UvSeEHiTvWSIP9SjU6K,Unforgettable,Thomas Rhett,130.05,0.665,0.749,0.0288,157080,0.000102,0.0835,-5.507,1,0.0293,4,0.814
country,1R7BdX107smGkRqd3cuTT3,This Is Us,Jimmie Allen,145.059,0.552,0.871,0.136,205827,0.0,0.0448,-4.613,1,0.0348,4,0.519
country,7GAaTpSoTWUTbP2Yxlt4Hd,Need You Now,Lady A,107.884,0.581,0.717,0.0298,236440,0.000185,0.243,-4.433,1,0.0318,4,0.316
country,4yknpgjf4GeFgPQ8FhKuRL,Craving You,Thomas Rhett,104.98,0.603,0.837,0.000776,227373,0.0,0.37,-3.76,0,0.0362,4,0.527
country,7Il2yWQmsqKgSkLQvHTPUI,Tequila,Dan + Shay,86.131,0.474,0.594,0.0292,195987,0.0,0.133,-5.756,1,0.0289,4,0.503
country,14GwnOeC9qYEKEA6uOZepa,One Of Them Girls,Lee Brice,95.987,0.643,0.79,0.294,188893,0.0,0.107,-6.079,1,0.0462,4,0.8
country,5uU1uuyaUIBOiiUSQG7Wl3,You Proof,Morgan Wallen,119.706,0.731,0.85,0.252,157478,0.0,0.605,-4.913,1,0.0336,4,0.644
country,4u26EevCNXMhlvE1xFBJwX,If I Die Young,The Band Perry,130.739,0.606,0.497,0.348,222773,0.0,0.275,-6.611,1,0.0277,4,0.362
country,0Z7nGFVCLfixWctgePsRk9,TEXAS HOLD 'EM,Beyoncé,110.012,0.727,0.711,0.582,233457,0.0,0.158,-6.549,1,0.078,4,0.375
country,3npzogdOEiVsieXmmhBepL,The Bones,Maren Morris,77.004,0.612,0.57,0.279,197293,0.0,0.0963,-6.642,0,0.0347,4,0.335
country,4AwZxUc5A5wZ2NQcwVVmel,May We All,Florida Georgia Line,75.029,0.494,0.913,0.047,226173,0.0,0.348,-4.252,1,0.04,4,0.651
country,027269uzraETHuoG6aMs6a,Waves,Luke Bryan,136.053,0.494,0.771,0.0649,228440,0.0,0.11,-4.309,1,0.0626,4,0.371
country,4sf2L157iEgAR7yrCNLgSq,Breaking Up Was Easy In The 90's,Sam Hunt,145.913,0.562,0.649,0.231,215933,0.0,0.341,-5.4,1,0.0494,4,0.376
country,2WahPIxksbHNOYxcV9OUnJ,Knee Deep (feat. Jimmy Buffett),Zac Brown Band,90.987,0.715,0.584,0.432,203173,1.41e-06,0.095,-8.231,1,0.0296,4,0.61
country,5UzU0qw21okODBNUnxptVo,"Lover, Lover",Jerrod Niemann,112.473,0.879,0.567,0.186,193733,0.0,0.622,-6.509,1,0.0588,4,0.948
country,3un2KQUaQ2brEpd8dK93wI,Beat of the Music,Brett Eldredge,109.999,0.629,0.808,0.00898,179293,9.06e-06,0.0751,-4.125,1,0.0269,4,0.773
country,7B6m8tHAYZsOKOKMU5SR2n,Take A Back Road,Rodney Atkins,169.902,0.581,0.856,0.183,209427,0.0,0.0871,-4.0,1,0.0783,4,0.918
country,3NgcaTIgVh77DdwAInp996,Good Girl,Dustin Lynch,80.512,0.711,0.696,0.16,189533,0.0,0.17,-5.05,1,0.0869,4,0.694
country,3w7CZW7YbtKUmGVykBps4T,Drink In My Hand,Eric Church,113.044,0.626,0.913,0.00635,191307,0.0,0.293,-4.452,1,0.0318,4,0.946
country,0AzcFP8ISum1BgJaT6LnQf,Made In America,Toby Keith,172.13,0.497,0.721,0.0515,193133,0.0,0.106,-5.943,1,0.0316,4,0.421
country,0y44Oz1T9uWDKg4SFDWRWH,Honey Bee,Blake Shelton,205.57,0.481,0.849,0.00167,210720,1.49e-06,0.121,-5.131,1,0.0385,4,0.723
country,6NhS5LwYbJ6xD7BGvlWRJO,One Margarita,Luke Bryan,89.997,0.641,0.842,0.0969,193427,0.0,0.169,-4.872,1,0.0464,4,0.738
country,1irAliF0T8sLIOPJp6n7rU,Single Saturday Night,Cole Swindell,81.949,0.623,0.79,0.118,187684,0.0,0.226,-5.07,1,0.0473,4,0.694
country,6KSKsSIH7nEiHCCLTqje41,Are You Gonna Kiss Me or Not,Thompson Square,151.941,0.483,0.705,0.0422,185493,0.0,0.097,-3.781,1,0.0296,4,0.601
country,698eQRku24PIYPQPHItKlA,She Got the Best of Me,Luke Combs,150.99,0.533,0.907,0.0292,183160,0.0,0.386,-3.793,1,0.0406,4,0.7
country,1tf4Bfk8JIKryLpWYRvyiI,Whiskey And Rain,Michael Ray,100.021,0.653,0.623,0.508,206507,3.32e-06,0.285,-4.56,1,0.0244,4,0.718
country,33T9t0Ts4Ycz3dRoMxBoOT,Long Live,Florida Georgia Line,129.973,0.612,0.842,0.185,152373,0.0,0.151,-3.547,1,0.0372,4,0.596
country,1XazlqB4YAtvouCmJPWXlM,Wanna Be That Song,Brett Eldredge,144.065,0.518,0.686,0.114,236227,0.0,0.114,-4.911,1,0.0313,4,0.334
country,46gdSYZIwcEVM6gy8qjHiK,Springsteen,Eric Church,104.023,0.692,0.809,0.1,263387,9.77e-05,0.185,-5.935,1,0.0255,4,0.927
country,3bM615CBDxo84bY8KbfP8W,Redneck Country Boys,Alaura Lynne,97.996,0.759,0.914,0.434,193538,0.0,0.324,-3.237,1,0.0435,4,0.87
country,1vwx3WSvfBS5zO8mhTDcAm,If It Was Still Summer,Jake Simon,124.037,0.522,0.895,0.00272,212089,0.00029,0.375,-5.526,0,0.0633,4,0.516
country,5lwIERcDaSWc1cgUt8fyNW,Takes You Back,Bryan Lanning,104.047,0.646,0.864,0.0403,176483,0.0,0.0933,-4.83,1,0.0424,4,0.568
country,0uRrG2jRR5tuifsYIJHEao,Sand In My Boots,Morgan Wallen,69.877,0.403,0.537,0.59,202133,0.0,0.112,-6.628,1,0.031,4,0.414
country,03IdmP4frla6BCFZH6rkaF,God Gave Me You,Blake Shelton,151.977,0.483,0.844,0.00481,229533,7.29e-05,0.405,-5.043,1,0.0314,4,0.543
country,3CrmgANkKOSLPl2uHTqzKl,Get Me Some Of That,Thomas Rhett,176.162,0.453,0.865,0.0753,189360,0.0,0.246,-5.315,1,0.0664,4,0.773
country,203lAMNjyNvuFUHXUxh3hI,Colder Weather,Zac Brown Band,135.979,0.667,0.381,0.458,273893,0.0,0.116,-7.494,1,0.0294,4,0.199
country,2UikqkwBv7aIvlixeVXHWt,You Should Probably Leave,Chris Stapleton,183.89,0.602,0.477,0.268,213493,3.1e-05,0.173,-8.425,1,0.032,4,0.552
country,2DINVEELpI3ibUW2EzeDs7,Undivided,Tim McGraw,89.992,0.583,0.812,0.131,175921,0.0,0.201,-4.684,1,0.0299,4,0.408
country,6OFW4NMvit2vYUp8q3leoN,Kick It In The Sticks,Brantley Gilbert,158.028,0.493,0.843,0.00507,226760,0.0,0.114,-5.924,0,0.0707,4,0.523
country,2vWFVrnWCKbuG46aG9fXrD,GOOD TIME,Niko Moon,138.084,0.802,0.59,0.0874,214720,0.0,0.275,-7.189,1,0.0493,4,0.687
country,0Z0kNthq0sS4lvGz9SSlBF,7 Summers,Morgan Wallen,101.961,0.625,0.775,0.431,210123,5.23e-05,0.12,-5.199,1,0.0248,4,0.588
country,40EHxlkXxnQEdFxIGOQp1g,Star Of The Show,Thomas Rhett,102.001,0.691,0.629,0.119,181200,0.0,0.169,-5.828,1,0.0275,4,0.606
country,6Ts11soXGNR397uTRU9MZO,Home,Mitch Zorn,154.045,0.488,0.828,0.0194,173669,3.33e-05,0.178,-6.03,1,0.0295,4,0.631
country,31OLRpkgpIH6a1VmVi2bpd,Just A Kiss,Lady A,145.047,0.564,0.623,0.399,214440,0.0,0.0914,-7.248,1,0.0318,4,0.307
country,6vuAjHpUrOVoY2hedswbdb,Still Make Cowgirls,Karli June,143.888,0.498,0.756,0.036,188413,0.0,0.373,-4.517,0,0.0349,4,0.5
country,2OtzJyR8aP7kDBmaouIk0S,Flyin' Now,Jeremy Michael,120.135,0.534,0.857,0.00162,244800,0.233,0.357,-2.847,0,0.0348,4,0.735
country,2VQpQquVd2thGBqqp6wRQZ,Single at the Same Time,Zach Blair,74.988,0.447,0.787,0.00434,186547,0.0,0.362,-3.975,1,0.0295,4,0.676
country,1oD0CFbrhGtjwT6FuYOqou,Pick Your Poison,Makenzie Phipps,95.916,0.55,0.888,0.0786,230923,0.0,0.652,-5.075,0,0.0668,4,0.301
country,109mGOiNP2DBZP6EiUkuNH,Top of the Hill,Connor McCutcheon,89.996,0.652,0.527,0.106,148860,0.0,0.22,-5.052,0,0.0317,4,0.431
country,3vTJPyjA7EODUmkEcTwG3z,Could've Been Me,Alex Mather,147.902,0.454,0.812,0.113,191401,0.0,0.159,-4.659,1,0.0453,4,0.406
country,0YoPDhxcPiO8dHIRySEo9k,Love Letter,Connor McCutcheon,78.077,0.469,0.646,0.614,174377,0.0,0.12,-5.093,1,0.0391,4,0.408
country,2vCFmMJoVuxNiSKSRGCY8R,N.A.S.C.A.R,DINER,186.229,0.505,0.786,0.0145,113880,0.0,0.331,-4.378,1,0.0547,4,0.717
country,70mVX1VeJN9xGxV3GXOaFu,Slow Down,Nick Walker,150.025,0.512,0.864,0.116,191004,2.28e-06,0.261,-5.189,1,0.0441,4,0.817
country,1D7cfiC5mxqHfTCcOiRBej,Love You Like I Used To,Russell Dickerson,152.047,0.501,0.788,0.12,186613,0.0,0.137,-4.624,1,0.0415,4,0.61
country,7kJn4buuMo2PT1xqayOzYy,Friday Me,Cody Cozz,119.932,0.552,0.848,0.0275,142742,0.0,0.131,-3.393,1,0.0529,4,0.492
country,5Cg9bqxh95RTEBV7ZirvN5,Pour Decisions,Ryan and Rory,95.002,0.633,0.784,0.097,179133,0.0,0.325,-3.577,0,0.0285,4,0.91
country,57uyP9vGOqQDgLjYi0Jpyr,Everything Between,Tyler Conti,99.63,0.529,0.788,0.0409,188926,1.49e-06,0.166,-6.337,1,0.0395,4,0.387
country,5we41d8LzxKchwP6nIAccP,Cadillac,Peter Vance,152.057,0.509,0.817,0.00858,204183,3.32e-05,0.348,-4.647,1,0.0331,4,0.593
country,3Oh65kNgVezqIUCHd7EKiQ,Marlboro Man,Kaleb Sanders,118.028,0.768,0.72,0.42,200420,0.0,0.175,-7.042,1,0.0328,4,0.844
country,3fYhaHVBR2XKkb5IDqBaAO,Ain't What It Was,Reed Foley,197.771,0.396,0.759,0.0687,176161,7.79e-06,0.0834,-4.484,1,0.0466,3,0.351
country,755ziVkJiHIC1av1pPNoZR,Runnin' Around,Scotty Pope,107.948,0.703,0.756,0.0914,166019,0.0,0.0844,-5.337,1,0.0254,4,0.794
country,16dZ1Bybl9vu8djycnuf5q,I Still Pray For You,Richie Allen,87.029,0.561,0.52,0.205,182069,1.36e-06,0.254,-10.071,1,0.0328,4,0.41
country,1nDNEq5aNcSnyCoFU9cOhS,Even If It Breaks Your Heart,Eli Young Band,104.036,0.666,0.541,0.000179,220520,0.0215,0.0973,-4.549,1,0.028,4,0.641
metal,265jHUE2zMARKwtIhkknsS,Numb,Linkin Park,110.072,0.488,0.87,0.00353,187520,0.0,0.484,-4.185,0,0.0421,4,0.211
metal,646J2jOtUe4Jflrmh6JFjN,Bring Me To Life,Evanescence,189.892,0.312,0.946,0.00749,235893,2.93e-06,0.288,-3.209,0,0.107,4,0.297
metal,5V3mdRI2yQxbSsJGDPc5lD,Chop Suey!,System Of A Down,127.204,0.42,0.929,0.000353,210240,0.000747,0.122,-3.899,0,0.121,4,0.3
metal,1bdXMstfxFWYSkEFTnJMoN,Enter Sandman,Metallica,123.257,0.577,0.828,0.00213,331267,0.0114,0.0581,-8.691,0,0.0298,4,0.604
metal,7MeXwzhSDGfqNfuFANgzVC,Toxicity,System Of A Down,116.335,0.407,0.876,0.000254,218933,0.00265,0.215,-4.145,1,0.0529,3,0.521
metal,5JFZ9Dn9Br9d0C3BEaO75L,Back for More,Hurricane on Saturn,125.052,0.679,0.742,0.036,202102,0.0,0.0791,-7.863,0,0.029,4,0.552
metal,4e9eGQYsOiBcftrWXwsVco,Aerials,System Of A Down,79.342,0.364,0.922,0.000915,235053,0.0346,0.0697,-4.217,0,0.0567,4,0.227
metal,4aYLAF6ckQ5ooGGGM7sWAa,The Unforgiven,Metallica,139.261,0.54,0.584,0.0108,386493,0.00296,0.253,-9.579,1,0.0254,4,0.244
metal,11Ojp7JniVvwd0gmgvyKkd,Wrong Side of Heaven,Five Finger Death Punch,149.992,0.481,0.932,0.00721,271000,0.0,0.337,-4.592,0,0.083,4,0.543
metal,0kUBk3PnCat4oPvTlNsStp,One,Metallica,102.178,0.437,0.695,0.00111,447440,0.0857,0.124,-9.447,1,0.0617,3,0.413
metal,6AKWOVOJ81OQfsgxZbJ6QN,Wash It All Away,Five Finger Death Punch,123.576,0.485,0.987,2.08e-05,224906,0.0,0.267,-3.1,1,0.0738,4,0.272
metal,0YiqstoUoXgePF6Oi7ySra,Monsters,Hurricane on Saturn,75.005,0.571,0.894,0.0441,261000,6.15e-06,0.123,-4.561,0,0.0696,4,0.452
metal,2T3blUc9Jnui2a0ZhuNOag,Smooth Criminal,Alien Ant Farm,126.921,0.653,0.966,0.00287,209267,0.0026,0.143,-4.236,0,0.0598,4,0.874
metal,1ENLIbxO4Uma773neTHxbp,Sweet Dreams (Are Made Of This),Marilyn Manson,92.397,0.39,0.642,0.00502,293293,0.565,0.296,-5.266,1,0.0326,4,0.132
metal,1jH2IzZ7JnixFoGG6XSnpf,Rollin' (Air Raid Vehicle),Limp Bizkit,96.249,0.604,0.931,0.00516,213760,0.0,0.271,-3.326,1,0.175,4,0.682
metal,5XcZRgJv3zMhTqCyESjQrF,Poison,Alice Cooper,118.698,0.28,0.908,0.0327,270080,8.85e-06,0.18,-5.509,0,0.109,4,0.26
metal,2w5v6qaB1r5cZ9U1iVdeF8,Paranoid - 2012 - Remaster,Black Sabbath,163.047,0.415,0.647,4.14e-05,166693,0.000847,0.208,-12.021,0,0.0696,4,0.409
metal,2U64TRs9DKbGzs2fPxSGdx,Rescue Light,Hurricane on Saturn,152.041,0.428,0.943,0.00162,199737,0.0,0.814,-4.129,1,0.0798,4,0.605
metal,1PInWkBARsxLyouDqa2GtF,Can You Feel My Heart,Bring Me The Horizon,127.788,0.235,0.86,0.00272,227296,0.0969,0.388,-2.842,0,0.0561,4,0.342
metal,3Y5mKbaQqZzeId7q7rS2cR,Lithium,Evanescence,117.949,0.49,0.63,0.215,224107,0.0,0.122,-3.775,0,0.0352,4,0.205
metal,14GmME5DwHFSIOGsFPe0WY,Bye Bye Beautiful,Nightwish,148.04,0.492,0.887,0.000116,259280,0.000777,0.126,-5.116,1,0.0441,4,0.423
metal,245wkNGnCHF4ke5B0klbRC,Heaven Theme,Avenged Sevenfold,114.996,0.459,0.66,0.0248,291267,0.763,0.0955,-7.043,0,0.0322,4,0.293
metal,4qkrGFb5V8PaI8eBjgrIsu,My Generation,Limp Bizkit,103.904,0.461,0.979,0.00271,221000,3.07e-06,0.118,-2.381,1,0.2,4,0.346
metal,6IadkySzhPNWU0ZrXhVimN,In Ash,Hurricane on Saturn,110.01,0.56,0.846,0.000803,256319,0.000154,0.197,-5.956,0,0.0464,4,0.256
metal,1hntQPOGfiSztG0cASWRoX,I Apologize,Five Finger Death Punch,77.991,0.505,0.929,0.00068,242956,0.0,0.167,-4.69,0,0.0529,4,0.419
metal,1TEZWG1FdjzDdercCguTwj,Nookie,Limp Bizkit,97.574,0.573,0.93,0.0022,289560,0.0716,0.718,-5.998,1,0.0814,4,0.283
metal,1fLlRApgzxWweF1JTf8yM5,Given Up,Linkin Park,100.088,0.655,0.886,0.00113,189293,0.000409,0.0448,-4.116,1,0.0435,4,0.938
metal,6p2liQLGoDaLXgND68bfVt,Coming Undone,Korn,75.052,0.687,0.677,0.000658,199773,0.000146,0.0564,-4.172,1,0.0508,4,0.546
metal,5D6rk7Zr7FRy5m2fDte5fp,Outside,Staind,146.564,0.515,0.594,0.00844,293133,0.00658,0.0752,-4.708,1,0.0262,4,0.218
metal,3PcpJD8HqRaCDZrEtKdH9h,Pollute the Mainstream,Hurricane on Saturn,141.999,0.556,0.83,0.000549,226347,0.000864,0.16,-8.092,1,0.0302,4,0.566
metal,2tAzcTFry1OhmNERFjUR93,Whore,In This Moment,90.0,0.603,0.884,0.0254,245533,0.0,0.0813,-3.821,0,0.0475,4,0.544
metal,3jjU4Pky1ja5J1onU6ei4T,The Vengeful One,Disturbed,170.128,0.238,0.967,0.000213,252003,1.18e-06,0.26,-2.602,0,0.136,4,0.58
metal,2nLj38A7KPJ3GhiVO6zCsJ,Whiskey In The Jar,Metallica,132.986,0.511,0.97,5.6e-06,304693,0.00136,0.18,-3.72,1,0.0414,4,0.566
metal,1aZLIbKEdsyqxyD6iNcrbA,Pour Some Sugar On Me,Def Leppard,84.989,0.267,0.953,0.00211,267307,0.0,0.283,-4.899,0,0.096,4,0.568
metal,7zAt4tdL44D3VuzsvM0N8n,Afterlife,Avenged Sevenfold,110.02,0.487,0.949,0.000429,352427,2.91e-05,0.231,-4.217,0,0.0798,4,0.406
metal,6d2bkGmpzE0sfajoHLDcQa,When War Comes,Hurricane on Saturn,139.878,0.476,0.854,0.01,214821,6.73e-05,0.603,-5.586,0,0.0632,4,0.213
metal,6p8eFfPw3nQkf37aT3AkmK,Fear of the Dark - 2015 Remaster,Iron Maiden,109.825,0.308,0.866,0.000739,438120,0.00141,0.232,-5.671,0,0.059,4,0.227
metal,31RTFPrB7wmYBhlkM2ILXG,Sugar,System Of A Down,131.073,0.451,0.889,0.00167,153800,0.00215,0.258,-2.693,1,0.261,4,0.586
metal,0tWEB6BxbI48XN79QE1JbT,Everybody's Fool,Evanescence,95.111,0.437,0.835,0.00145,195880,2.27e-05,0.245,-5.076,0,0.0405,4,0.296
metal,6uRlKcM7VrFkfY1GTViXTK,Here I Go Again 87 - 2018 Remaster,Whitesnake,89.939,0.292,0.823,0.0117,275395,7.79e-05,0.155,-6.763,1,0.0407,4,0.244
metal,6AAZigYqOch79lKcrSBOv0,Killpop,Slipknot,158.47,0.306,0.926,0.000311,225067,0.000644,0.0776,-2.754,0,0.0912,4,0.483
metal,2Bhnzebko84NKCscEEk2IQ,Solo Sangue,Hurricane on Saturn,140.08,0.574,0.844,0.000394,210839,0.0116,0.156,-8.137,1,0.0523,4,0.47
metal,4vAHXnJ5YWLq5hbIVzZS1h,Spiders,System Of A Down,137.855,0.46,0.54,0.0324,215440,0.0168,0.326,-5.132,1,0.0381,4,0.0506
metal,4g3QZlvz39UllCcRXDZ0Do,Sulfur,Slipknot,104.803,0.278,0.985,0.000234,277800,0.000235,0.104,-1.934,1,0.129,4,0.342
metal,1sXdW94CrEIrYdbfON4Sxt,Amaranth,Nightwish,127.98,0.558,0.859,0.00469,231445,0.00196,0.0831,-3.992,0,0.0421,4,0.31
metal,4Ku3OOZWR4tpKNCVFXILY8,You Only Live Once,Suicide Silence,119.976,0.613,0.953,0.00018,192560,0.0614,0.116,-4.936,1,0.153,4,0.213
metal,6efSwlK3LOlWOeKK9xlUKF,Jekyll and Hyde,Five Finger Death Punch,155.017,0.537,0.964,0.000599,206903,1.14e-05,0.0564,-4.157,1,0.113,4,0.712
metal,20sUFOx6osdeALgtkYo3QD,Noizbleed,Hurricane on Saturn,125.121,0.584,0.826,0.000713,197757,0.00238,0.272,-6.815,1,0.0453,4,0.477
metal,2CGDxXXYbkPOyRXHzQbqkT,Click Click Boom,Saliva,95.966,0.609,0.935,0.00289,252400,0.000359,0.188,-2.941,1,0.0478,4,0.498
metal,6xOWfFoSqtmmwcIDW3r35J,Paradise (What About Us?),Within Temptation,135.03,0.461,0.928,0.000583,319688,0.0012,0.615,-3.542,0,0.0697,4,0.428
metal,4veeNpXDK1YRHMTJ1Cppsg,Buried Alive,Avenged Sevenfold,139.983,0.607,0.804,0.00116,404387,0.0,0.159,-5.209,0,0.0296,4,0.469
metal,2yXyz4NLTZx9CLdXfLTp5E,I Will Not Bow,Breaking Benjamin,107.984,0.533,0.955,0.000165,216733,1.36e-05,0.38,-3.708,1,0.0653,4,0.55
metal,6nJPHXRpKYv2yqtalEjKy5,Got the Life,Korn,123.338,0.498,0.905,1.85e-05,225307,0.765,0.383,-5.721,0,0.0521,4,0.584
metal,65qNhirLIUZRFegmA8PLzS,We Die Young,Hurricane on Saturn,124.932,0.568,0.896,0.000282,229623,0.0678,0.0592,-5.599,1,0.0466,4,0.742
metal,7rPHHJMqOpJyf3raEuI5o9,Under Your Scars,Godsmack,165.207,0.25,0.765,0.0618,231118,2.39e-06,0.118,-4.154,0,0.0414,4,0.219
metal,5O9Dz0h08LuBi0aVvDcylh,The Resistance,Skillet,156.033,0.483,0.941,0.000526,232067,3.5e-06,0.31,-3.598,0,0.0575,4,0.503
metal,5VfqI7Adyk3P4wvWnoPB14,Between Angels And Insects,Papa Roach,93.6,0.494,0.953,0.000186,234467,0.000163,0.359,-3.272,0,0.0616,4,0.365
metal,2jfk3m8nq5IvB35s2xIs1O,Not Gonna Die,Skillet,172.063,0.445,0.953,0.0106,225280,0.0,0.281,-2.463,0,0.0704,4,0.475
metal,3ArC23Mo2r1ZfcdIHlHnSP,Square Hammer,Ghost,129.986,0.529,0.903,3.31e-05,239293,0.182,0.259,-4.396,0,0.0483,4,0.746
metal,4bpUxvEEH1Jb62Z1ik1dK4,Sturm,Hurricane on Saturn,116.042,0.588,0.69,0.00141,246037,0.000484,0.0856,-8.389,1,0.0409,4,0.0661
metal,6y2DHyCYf6azhUfXmnuH6w,Question!,System Of A Down,180.683,0.207,0.973,0.00083,200600,0.0158,0.318,-3.21,0,0.185,4,0.364
metal,7KoWRwwVUgZV5D0zmrr25s,The Eagle Flies Alone - edit,Arch Enemy,136.004,0.492,0.982,0.000894,299442,0.205,0.118,-4.237,1,0.0856,4,0.148
metal,0W35nxtHtFlseSojmygEsf,War Pigs,Black Sabbath,91.499,0.464,0.612,0.116,474400,0.00559,0.171,-12.019,1,0.0591,4,0.496
metal,1pr9TZGOXeJUggIal1Wq3R,Blind,Korn,92.049,0.283,0.891,0.00678,258267,0.0038,0.159,-8.165,1,0.178,4,0.226
metal,2avKuMN2QXkaG9vvHa2JLt,Take A Look Around,Limp Bizkit,101.97,0.425,0.852,0.0174,321040,0.311,0.0935,-5.605,1,0.0461,4,0.499
metal,0iHdS7s7ezMIx3H7DbBLQB,Pitch Black,Hurricane on Saturn,144.923,0.589,0.896,0.00278,193824,0.18,0.7,-7.891,0,0.0725,4,0.38
metal,6tVs6BS4vqrFsCrHS0Ycsr,The Trooper - 1998 Remaster,Iron Maiden,162.233,0.288,0.864,0.0172,250947,0.0567,0.541,-6.762,0,0.0673,4,0.621
metal,7w6PJe5KBPyvuRYxFkPssC,No More Tears,Ozzy Osbourne,102.591,0.346,0.749,0.00167,443240,8.86e-05,0.648,-6.506,1,0.035,4,0.315
metal,4l3Vmsw0KO8HJqFtnbqaqu,Left Behind,Slipknot,156.623,0.229,0.994,7.03e-05,241467,0.00548,0.318,-3.431,1,0.22,4,0.115
metal,70Z9t1qhytWtG4cCmmi7mU,I Wanna Rock,Twisted Sister,106.244,0.504,0.911,0.00512,179760,0.0123,0.355,-2.97,1,0.0738,4,0.671
metal,25GC50HslaaruyrKjdu0lP,Your Betrayal,Bullet For My Valentine,134.001,0.569,0.883,8.07e-05,291427,7.74e-05,0.0883,-4.41,0,0.0748,4,0.373
metal,1jR2NwSflmD6Ffibd71Ctx,Nothing I Can Do,Hurricane on Saturn,120.028,0.535,0.651,0.156,209421,0.0779,0.284,-8.435,0,0.034,4,0.414
metal,3nhxxaB2FgKM0R1YIN3YC3,Nobody's Fool,Cinderella,67.227,0.382,0.68,0.0181,287463,0.0585,0.0981,-6.069,0,0.0314,4,0.177
metal,6SyutgkQfLKfcsWvmh02k2,Personal Jesus,Marilyn Manson,130.147,0.573,0.942,0.000246,246680,0.00514,0.524,-5.259,1,0.124,4,0.278
metal,1F0S2kbZhHAw19f9ihA3FH,Did My Time,Korn,93.027,0.544,0.874,6.05e-05,244493,0.00229,0.353,-3.891,1,0.0475,4,0.25
metal,68osIGtVjM7QWVe6pazLHj,Shadow Moses,Bring Me The Horizon,143.006,0.456,0.985,0.000235,243320,0.00368,0.103,-2.949,1,0.207,4,0.183
metal,4PSiPZp8MYMDZzuBhCLgc6,Wasted Years - 1998 Remaster,Iron Maiden,153.738,0.242,0.953,0.0605,307573,3.38e-05,0.135,-5.555,0,0.115,4,0.342
metal,77OGhwJTmiCTzNQuXQqow3,When I Shoot I Kill,Hurricane on Saturn,135.121,0.548,0.789,0.00217,248110,5.7e-06,0.395,-6.519,1,0.0532,4,0.537
metal,1PhLYngBKbeDtdmDzCg3Pb,Sad But True,Metallica,89.23,0.633,0.846,0.000819,323933,0.00139,0.0762,-6.347,1,0.0337,4,0.448
metal,4fEcZEuKJiYitzaI5l1KY8,Bismarck,Sabaton,95.054,0.505,0.858,0.00339,313984,0.00122,0.264,-5.544,0,0.0428,4,0.43
metal,2o4u19nlQWOGg5mLanT7Pg,Forever,KISS,176.431,0.435,0.666,0.254,232640,1.4e-05,0.0541,-10.596,1,0.031,4,0.566
metal,4RUmLxHGEoeyG3TU78OCLG,Waking the Demon,Bullet For My Valentine,127.908,0.306,0.995,2.98e-05,247693,0.00859,0.254,-3.203,1,0.1,4,0.135
metal,4LFBVDJV0xpayUvquQVzhS,Cut the Cord,Shinedown,178.105,0.447,0.966,0.00349,224597,0.000198,0.312,-2.966,1,0.089,4,0.533
metal,3jWZTn9YmGH5lf0svT3dNH,Let Me Go,Smiley,144.912,0.672,0.648,0.179,183724,0.000501,0.201,-7.368,0,0.0322,4,0.32
metal,51TG9W3y9qyO8BY5RXKgnZ,Symphony Of Destruction,Megadeth,139.903,0.61,0.889,0.000794,246733,0.0865,0.0657,-5.452,0,0.0585,4,0.506
metal,3LpHzQU2CZzZJGdUWV79SI,For Whom The Bell Tolls - Remastered,Metallica,117.897,0.518,0.858,0.00563,309973,0.00349,0.0598,-6.147,1,0.0672,4,0.249
metal,6vAQtUlYrzolE6SS9QCTs5,All Out Life,Slipknot,106.558,0.499,0.97,0.000683,340132,0.136,0.0871,-2.838,1,0.116,4,0.0506
metal,0tZ3mElWcr74OOhKEiNz1x,Bulls On Parade,Rage Against The Machine,166.367,0.412,0.919,0.0124,229467,0.0601,0.424,-7.291,1,0.184,4,0.572
metal,6WCkyaVmut83CtBFEUhDo4,Solway Firth,Slipknot,159.948,0.214,0.969,0.000347,355540,0.246,0.138,-3.924,1,0.106,4,0.0369
metal,7AK0yeohL3m0N6l7GgzJhE,I Want,Hurricane on Saturn,149.979,0.547,0.958,0.0035,193100,7.96e-06,0.132,-2.448,0,0.121,4,0.452
metal,0L7zm6afBEtrNKo6C6Gj08,Painkiller,Judas Priest,103.162,0.435,0.987,0.000195,365827,0.0879,0.268,-4.667,0,0.16,4,0.1
metal,4ZpXHlV2vQVfPXUvbDSZ92,I Remember You,Skid Row,176.302,0.345,0.531,0.00642,313693,7.28e-06,0.14,-12.708,1,0.0305,4,0.49
metal,1fQaoh3imrMunWVZh5kf90,Shepherd of Fire,Avenged Sevenfold,127.935,0.576,0.906,0.000332,323800,0.0614,0.0908,-7.677,1,0.0571,4,0.211
metal,4CiVz4bw7X1zjCaJ5ZwxUS,Watch The World Burn,Falling In Reverse,161.928,0.391,0.785,0.0132,203948,0.0,0.213,-5.906,0,0.131,4,0.332
metal,2W2eaLVKv9NObcLXlYRZZo,Spit It Out,Slipknot,139.965,0.331,0.946,0.0309,159773,5.62e-06,0.254,-4.599,1,0.0775,4,0.534
metal,4tvBoSWeIW0bjhKNre5mod,Thunder Kiss '65,White Zombie,112.662,0.684,0.851,0.000613,234080,0.0029,0.535,-9.792,1,0.0407,4,0.512
metal,7oetQwrQDI0Gnm8PboDjZ2,5 Minutes Alone - 2014 Remaster,Pantera,95.738,0.504,0.929,0.00148,348187,0.0661,0.0831,-4.121,1,0.0563,4,0.538
metal,59fQzvSv0wPQorW2Bh0pns,For Evigt,Volbeat,146.971,0.506,0.893,0.000309,283367,0.0,0.118,-3.896,1,0.046,4,0.415
metal,7HKRWMTErKh56EIBeFcmdf,Seize the Day,Avenged Sevenfold,140.101,0.393,0.802,0.0168,334067,0.0,0.193,-4.499,1,0.0367,4,0.338
metal,0ncHMpFGT96pis5pi4iJDm,Until the World Goes Cold,Trivium,166.008,0.517,0.887,0.000244,321162,0.00258,0.151,-7.637,0,0.0732,4,0.531
classical,3DNRdudZ2SstnDCVKFdXxG,"Sonata No. 14 ""Moonlight"" in C-Sharp Minor"", Op. 27 No. 2: I. Adagio sostenuto",Ludwig van Beethoven,170.612,0.184,0.00527,0.995,315427,0.887,0.173,-37.264,0,0.0432,3,0.151
classical,4k038uwzZINTcDz1ApzHJ8,Rondo Alla Turca,Wolfgang Amadeus Mozart,132.863,0.555,0.206,0.993,206500,0.924,0.113,-19.826,1,0.0453,4,0.701
classical,0KhT24AgBxl4GjUB4Yz5fZ,Nocturne in C-Sharp Minor,Frédéric Chopin,75.126,0.326,0.00691,0.99,231693,0.837,0.0808,-34.177,0,0.0444,4,0.158
classical,2YarjDYjBJuH63dUIh9OWv,"Piano Concerto No. 21 in C Major, K. 467 ""Elvira Madigan"": II. Andante",Wolfgang Amadeus Mozart,144.13,0.194,0.0324,0.982,433800,0.961,0.0916,-28.215,1,0.0382,4,0.0596
classical,1i2HCDqbRb6onboeRJmPhQ,Swan Lake: No. 2 Valse,Pyotr Ilyich Tchaikovsky,95.086,0.193,0.0941,0.923,478667,0.85,0.0698,-14.379,1,0.0354,3,0.0683
classical,3Dgmyz32dxvtxvUTPS0CUI,"Vivaldi Variation (Arr. for Piano from Concerto for Strings in G Minor, RV 156 by F. Christl)",Antonio Vivaldi,78.809,0.429,0.258,0.957,112353,0.893,0.115,-16.967,0,0.0549,1,0.0972
classical,4ihSy2KlzgzrYCAuH86z0P,"Symphony No. 40 in G Minor, K. 550: I. Molto allegro",Wolfgang Amadeus Mozart,105.452,0.374,0.233,0.968,476880,0.904,0.113,-14.445,0,0.036,4,0.174
classical,4zyWLdavBFsEN4ZlIQ0Azz,Fur Elise,Ludwig van Beethoven,171.927,0.213,0.193,0.994,146200,0.873,0.0704,-21.349,0,0.0419,4,0.548
classical,2xizRhme7pYeITbH1NLLGt,"Tchaikovsky: Swan Lake, Op. 20, Act 2: No. 10, Scene. Moderato",Pyotr Ilyich Tchaikovsky,58.303,0.136,0.164,0.911,166867,0.916,0.109,-18.756,0,0.0364,4,0.071
classical,4820SC1xnUaabzzYQTDkP2,Gnossienne: No. 1,Erik Satie,124.166,0.424,0.00798,0.996,214133,0.925,0.0983,-28.345,0,0.0496,3,0.0794
classical,0ICdgJFS5zrHESpGiB8dLq,"Orchestral Suite No. 2 in B Minor, BWV 1067: Minuet and Badinerie",Johann Sebastian Bach,134.566,0.481,0.236,0.959,161400,0.186,0.237,-16.119,0,0.0431,4,0.744
classical,6cjvRT7EgFzcgrKrnNTJRt,"Serenade No. 13 for strings in G Major, ""Eine Kleine Nachtmusik"", K.525: I. Allegro",Wolfgang Amadeus Mozart,140.765,0.511,0.0922,0.757,341160,0.833,0.0853,-19.795,1,0.0702,4,0.47
classical,5TE8cxIXQmO5sH4BkS3I1s,"Concerto No. 3 in F major, Op. 8, RV 293, ""L'autunno"" (Autumn): I. Allegro",Antonio Vivaldi,110.043,0.417,0.0483,0.959,331040,0.447,0.174,-22.027,1,0.0405,4,0.119
classical,4FXl8rYY8TdewKu7ZNeBXP,"Symphony No. 9 In D Minor, Op. 125 - ""Choral"" - Excerpt From 4th Movement: 4. Presto",Ludwig van Beethoven,73.815,0.122,0.0563,0.948,367267,0.839,0.522,-19.202,1,0.0374,4,0.0887
classical,2EM3z870MwvKASPO23MeUB,Waltz Of The Flowers From The Nutcracker,Pyotr Ilyich Tchaikovsky,96.321,0.284,0.128,0.967,424307,0.832,0.0535,-17.745,1,0.0347,4,0.114
classical,7l3dCL3vhZpAAFTWwLOIxl,"Swan Lake, Op. 20, Act II No. 13, Danses des cygnes: IV. Allegro moderato",Pyotr Ilyich Tchaikovsky,99.084,0.612,0.00984,0.787,97253,0.0146,0.0957,-37.631,0,0.0344,4,0.525
classical,7eITzwuOcf14wfeg0mP1HX,"Midsummer Night's Dream, Incidental Music, Op. 61, MWV M 13: No. 9 Wedding March",Felix Mendelssohn,75.014,0.334,0.233,0.964,306933,0.934,0.0644,-11.964,1,0.0343,4,0.106
classical,7uf3aFC1msj0t5cYImgOWy,"Serenade for Strings in C major, Op. 48: II. Walzer: Moderato, tempo di valse",Pyotr Ilyich Tchaikovsky,66.325,0.241,0.122,0.925,209373,0.66,0.126,-22.411,1,0.0497,4,0.187
classical,43YwOmGUOS3zzGvj1Feszb,"Also sprach Zarathustra, Op. 30: I. Prelude. Sonnenaufgang",Richard Strauss,80.128,0.148,0.301,0.636,109667,0.937,0.154,-13.321,1,0.0432,4,0.0419
classical,0p2AIMUPyFF92sHTIeV5AF,Marriage of Figaro: Overture,Wolfgang Amadeus Mozart,72.072,0.431,0.221,0.935,248040,0.93,0.0858,-14.062,1,0.0345,4,0.326
classical,3h7Nqj6obyM46lEstLPSuh,"String Quintet in E Major, Op. 11 No. 5, G. 275: III. Minuetto (Featured in ""The Ladykillers"")",Luigi Boccherini,125.776,0.37,0.0925,0.963,208467,0.318,0.107,-22.459,1,0.0448,3,0.493
classical,3j01GIGm0LYSzbO7X0NfYM,"Overture, William Tell (Finale)",Gioachino Rossini,149.742,0.358,0.414,0.812,211453,0.528,0.0849,-16.572,1,0.036,4,0.616
classical,3GFza0Ug9UPSMR2UKEPgIo,Sylvia: Pizzicato,Léo Delibes,159.236,0.342,0.0192,0.875,105000,0.0787,0.0615,-39.219,1,0.0533,4,0.189
classical,6lRKuqdyetVsFakhvE4RKf,Tales from the Vienna Woods - Waltz Op. 325,Johann Strauss II,180.646,0.237,0.0386,0.916,703027,0.163,0.071,-25.038,1,0.0375,3,0.115
classical,5VB8zfiHCroYwXTINKP4rj,"The Blue Danube Waltz, Op. 314",Johann Strauss II,94.741,0.287,0.0912,0.971,637238,0.932,0.105,-17.796,1,0.0362,4,0.108
classical,5rPqo5uyPn5MDoJkkiu8Nr,Night on Bald Mountain,Modest Mussorgsky,105.101,0.316,0.244,0.911,660867,0.816,0.182,-18.218,1,0.0431,4,0.0642
classical,2xORus0TIDTVKatLletu1B,"The Flower Duet (From ""Lakmé"")",Léo Delibes,95.871,0.28,0.286,0.962,230987,0.000421,0.102,-12.961,1,0.0453,4,0.0885
classical,5G2RyS5wHOHh8JjLg13AnJ,"Symphony No. 9 in D Minor, Op.125 'Choral': Ode to Joy",Westminster Choir,75.803,0.19,0.328,0.916,374093,0.663,0.0824,-14.446,1,0.0413,4,0.219
classical,2oLjhx7w8Hyd3gry9cCXr7,"21 Hungarian Dances, WoO 1: Hungarian Dance No. 5 in G Minor. Allegro (Orch. Schmeling)",Johannes Brahms,144.601,0.358,0.167,0.899,138707,0.96,0.103,-16.0,0,0.0354,4,0.6
classical,4TfcKKlUE3QDGoHbeCcN3u,Orpheus in the Underworld: Cancan,Jacques Offenbach,151.722,0.373,0.573,0.666,161747,0.00569,0.663,-17.97,1,0.154,4,0.543
classical,39kD4hO36yxtBfAK8c91Q2,"Wiener Blut, Op. 354",Johann Strauss II,80.343,0.202,0.0882,0.943,504000,0.841,0.0704,-20.577,1,0.0379,3,0.118
classical,0BWJNm4TrO6H3qgiCmDBjM,Toccata and Fugue in D minor,Johann Sebastian Bach,71.749,0.0692,0.0463,0.87,567467,0.308,0.0937,-25.35,0,0.0373,4,0.0714
classical,3eSvsd8AHxPLgJD0hvxSnI,"Messiah, HWV 56, Pt. 2: No. 44, Chorus. Hallelujah, for the Lord God Omnipotent Reigneth",George Frideric Handel,109.094,0.402,0.396,0.949,225567,0.23,0.145,-11.556,1,0.0299,4,0.448
classical,00U5Dsg9yDQnkFn2AKWCaW,"Rigoletto, Act III: La donna è mobile",Giuseppe Verdi,133.33,0.37,0.248,0.965,141600,2.12e-05,0.0911,-10.47,1,0.0371,3,0.384
classical,46nlD9zPOJCBhczHhLa8Aa,"Barcarole - From The Opera ""Les Contes D’Hoffmann""",Jacques Offenbach,111.685,0.211,0.176,0.944,220387,0.698,0.118,-16.348,1,0.0395,4,0.11
classical,1upQiytDIEZfl9ItruoXuC,"Handel / Orch. Hale: Keyboard Suite No. 4 in D Minor, HWV 437: III. Sarabande",George Frideric Handel,67.359,0.0939,0.0336,0.927,207267,0.83,0.0954,-24.041,0,0.0606,3,0.0516
classical,3PGPfeQTaZgHnmofWYBHSW,The Barber of Seville: Overture,Gioachino Rossini,174.556,0.324,0.218,0.936,453067,0.684,0.249,-16.495,1,0.0592,4,0.535
classical,4GtwsI12udoBup7wWj7uEa,"Carmen / Act II: Toreador Song: ""Votre toast, je peux vous le rendre"" (from Carmen / Act 2)",Georges Bizet,112.47,0.468,0.358,0.959,229013,0.228,0.154,-12.535,0,0.0783,4,0.585
classical,6JoT2QRzUZ8IpkamI6WkeN,"Chopin: Piano Sonata No. 2 in B-Flat Minor, Op. 35 ""Funeral March"": III. Marche funèbre. Lento",Frédéric Chopin,69.148,0.381,0.003,0.993,504320,0.938,0.0859,-25.899,1,0.0495,4,0.0657
classical,1Xf4sNtMKc1xiUhuIPAUg2,"Prélude in E minor, Op. 28, No. 4",Frédéric Chopin,63.386,0.388,0.00269,0.995,146760,0.869,0.063,-32.97,0,0.0516,4,0.0397
classical,0nF5aQoLs2YtbWwClXvumL,Flight of the Bumblebee,Nikolai Rimsky-Korsakov,93.616,0.581,0.715,0.861,77093,0.81,0.391,-11.645,0,0.0366,3,0.966
classical,376d85blpRcjxVtgflQQqQ,"Nocturnes, Op. 9: No. 1 in B-Flat Minor",Frédéric Chopin,135.789,0.453,0.0568,0.993,306867,0.929,0.0873,-20.926,1,0.0463,3,0.0776
classical,2jrc5wSJd4NYsewjDsoNEa,Beethoven's Silence,Ernesto Cortazar,140.672,0.272,0.272,0.975,158538,0.964,0.146,-16.22,0,0.0382,3,0.0873
classical,5NGtFXVpXSvwunEIGeviY3,Gymnopédie No. 1,Erik Satie,72.776,0.468,0.0127,0.994,205867,0.937,0.094,-36.856,1,0.123,3,0.356
classical,5zhuWncJsBKrQ1HhmAKNAg,"Peer Gynt, Op. 23: IV. In the Hall of the Mountain King",Edvard Grieg,118.779,0.442,0.216,0.926,144733,0.944,0.144,-17.569,1,0.0555,4,0.574
classical,6nqHzwOdGIaX57U6VU6kMO,"Symphony No. 9 in E Minor, Op. 95, B. 178 ""From the New World"": IV. Allegro con fuoco",Antonín Dvořák,141.518,0.236,0.163,0.901,685000,0.737,0.124,-15.639,0,0.0348,4,0.114
classical,4kPwKkOj0XZAXq8xyfmvxc,"Carmen, WD 31: Prelude to Act 1",Georges Bizet,128.188,0.378,0.356,0.848,136000,0.889,0.213,-18.662,1,0.0455,4,0.662
classical,5u5aVJKjSMJr4zesMPz7bL,"Clair de Lune, L. 32",Claude Debussy,65.832,0.335,0.00532,0.994,268000,0.912,0.0621,-31.646,1,0.0376,4,0.0397
classical,1Ojz92vyPK4fJ5K8RVnV5u,"The Four Seasons: Concerto No. 2 in G Minor, RV 315 ""L'estate"" (summer): III. Presto",Antonio Vivaldi,157.024,0.34,0.489,0.83,167880,0.91,0.141,-15.316,1,0.0412,3,0.468
classical,0iYDhwNsh77YOTD59NhnAd,"12 Études, Op. 10: No. 12 in C Minor ""Revolutionary""",Frédéric Chopin,102.909,0.282,0.223,0.987,159973,0.825,0.251,-17.83,0,0.0316,4,0.111
classical,2FP7JttwbYPXcXxIihEvop,"3 Nocturnes, Op. 9: II. Andante",Frédéric Chopin,94.445,0.388,0.0163,0.989,274040,0.918,0.177,-26.561,1,0.0387,3,0.104
classical,6cUCckpdlqHJ5Ascf2uH2A,"Symphony No. 5 in C Minor, Op. 67: I. Allegro con brio",Ludwig van Beethoven,97.853,0.248,0.298,0.957,442000,0.9,0.0943,-15.661,0,0.0395,4,0.157
classical,73SspxaPunDh3aCojPH0gJ,"Habanera (From “Carmen”, WD. 31)",Georges Bizet,132.334,0.47,0.0562,0.982,167747,0.0,0.136,-20.772,1,0.0521,4,0.476
classical,79RYNk7I1YDy4RLPamenAn,"Symphony No. 7 In A, Op. 92: 2. Allegretto",Ludwig van Beethoven,77.116,0.219,0.0359,0.932,465333,0.763,0.0931,-22.931,0,0.0357,4,0.0885
classical,3nxaPqAOxUxkLhIhbvmv4t,Violin Concerto BWV 1042 in E Major: Violin Concerto BWV 1042 in E Major: I. Allegro,Johann Sebastian Bach,99.419,0.441,0.319,0.829,453507,0.0,0.0765,-13.99,1,0.0392,4,0.671
classical,6JV3m7TDJ9gsJNHp0e4MWM,"Vivaldi: The Four Seasons, Violin Concerto in E Major, Op. 8 No. 1, RV 269 ""Spring"": I. Allegro",Antonio Vivaldi,113.134,0.575,0.174,0.883,187720,0.898,0.108,-14.423,1,0.0424,4,0.381
classical,3sAYxq1986j3ydqLv6jwUJ,"Serenade for Strings in E Major, Op. 22, B. 52: II. Tempo di valse",Antonín Dvořák,0.0,0.0,0.0842,0.755,432533,0.889,0.262,-19.397,1,0.0,0,0.0
classical,6u6bLHM3t2UcQWjPpooDEx,"Concerto No. 4 in F minor, Op. 8, RV 297, ""L'inverno"" (Winter): I. Allegro non molto",Antonio Vivaldi,141.35,0.436,0.14,0.933,224493,0.823,0.0857,-21.237,0,0.046,4,0.151
classical,6kyiWsforDWCq1VBCm4BNZ,Can-Can From Orpheus In The Underworld,Jacques Offenbach,165.254,0.454,0.59,0.815,133760,0.236,0.103,-15.083,1,0.067,4,0.812
classical,086sjLPEqdKBgTxbTeCLCv,"Rêverie, L. 68",Claude Debussy,62.541,0.25,0.00904,0.995,233400,0.922,0.0779,-31.617,1,0.041,4,0.083
classical,0awWxz7WRKdSpU9RVZ5PVK,"Peer Gynt Suite No. 1, Op. 46: I. Morning Mood",Edvard Grieg,74.988,0.137,0.0262,0.963,253440,0.903,0.234,-21.686,1,0.0394,4,0.0355
classical,0Yvbglku9m9xG3YcgGk0RA,"In Autumn, Op. 11",Edvard Grieg,108.672,0.3,0.123,0.945,675227,0.567,0.092,-18.43,0,0.0439,4,0.0821
classical,2mRUmSG3XGjFloqgAT2UJN,Eine kleine Nachtmusik K. 525: Allegro,Wolfgang Amadeus Mozart,139.478,0.366,0.139,0.885,352000,0.913,0.0725,-19.978,1,0.039,4,0.31
classical,6uylmPcNF734H6xizlRIn3,"Frühlingsstimmen, Op. 410",Johann Strauss II,181.28,0.153,0.0428,0.968,465520,0.87,0.103,-26.1,1,0.0393,3,0.166
classical,6UbjJgc9gHcEhnfrKszGxX,"Má vlast: The Moldau (Vlatava), No. 2",Bedřich Smetana,99.459,0.157,0.161,0.91,741373,0.91,0.0696,-17.213,1,0.0339,4,0.038
classical,5BijFryhTEnghWx91jYoVR,"Fantasie-impromptu in C-Sharp Minor, Op. 66 No. 4",Frédéric Chopin,82.371,0.14,0.0797,0.991,306173,0.886,0.083,-26.97,1,0.0338,4,0.0465
classical,1U1tflTvWnyy9FtMkK0JKC,"The Thieving Magpie - From “A Clockwork Orange""",Gioachino Rossini,89.488,0.354,0.176,0.893,307981,0.842,0.0762,-19.883,1,0.0422,3,0.328
classical,5K8BwPXLN7rdlYsPHFXrY3,"Marche slave, Op. 31, TH 45",Pyotr Ilyich Tchaikovsky,109.802,0.331,0.232,0.868,555506,0.934,0.0973,-17.72,0,0.0431,4,0.0692
classical,4TwoqahFp43QEIaqDxQlct,III. The Flight of the Bumble-Bee,"Gerhard Wiesenhütter, Leipzig Gewandhaus Orchestra",168.637,0.176,0.221,0.963,195600,0.964,0.289,-18.09,0,0.073,4,0.205
classical,1I6rDixbUmV5xnvDVDPe37,"Voices Of Spring, Op. 410",Johann Strauss II,179.292,0.323,0.154,0.928,467907,0.0495,0.152,-17.076,1,0.0797,3,0.182
classical,1EjfCGPicAauZwnbFrTczK,"Egmont Overture, Op. 84 - 2018 Remastered Version",Ludwig van Beethoven,82.975,0.286,0.125,0.91,515000,0.758,0.095,-16.159,0,0.0418,3,0.0863
classical,6FbPeP7zBqDfWUFSotbmUq,Die Fledermaus: Overture,Johann Strauss II,109.243,0.386,0.24,0.932,460000,0.78,0.0548,-14.492,1,0.0461,3,0.201
classical,6UQlVa1Czvd3F1Ply7xhdF,Farandole,Georges Bizet,155.983,0.476,0.478,0.89,232507,0.936,0.706,-18.034,1,0.293,4,0.615
classical,0MPkTdlmHGgYLuyEGO44fj,"Tchaikovsky: The Sleeping Beauty, Op. 66, Act I ""The Spell"": No. 6, Waltz",Pyotr Ilyich Tchaikovsky,105.224,0.276,0.216,0.902,279627,0.902,0.105,-16.545,1,0.0398,4,0.314
classical,6fwa94Wr5uAUUsL5CNcboh,"Nutcracker Suite, Op. 71a: Dance of the Sugar Plum Fairy - Andante non troppo",Pyotr Ilyich Tchaikovsky,129.272,0.484,0.0724,0.922,103120,0.895,0.104,-29.828,0,0.0325,4,0.104
classical,0Ey7pzfnHQG3frp7dSOnLO,"Carnival of the Animals, R. 125: Aquarium",Camille Saint-Saëns,80.49,0.277,0.0394,0.98,121693,0.979,0.103,-31.356,0,0.0386,4,0.128
classical,547sqKUBvhndUFETaqlVDh,"Rage Over A Lost Penny, Op. 129",Ludwig van Beethoven,85.701,0.363,0.193,0.99,373665,0.91,0.0888,-19.428,1,0.0328,4,0.325
classical,519SD3ON58hqmrAMALWiWp,Prokofiev: Dance of the Knights (The Apprentice),Sergei Prokofiev,107.24,0.35,0.351,0.799,112853,0.929,0.0796,-13.266,0,0.0381,4,0.394
classical,1vgInU9qUZYSW0VT9TJuT6,"Samson et Dalila, Op. 47: Bacchanale",Camille Saint-Saëns,144.742,0.2,0.224,0.152,387440,0.231,0.0757,-19.755,0,0.0385,4,0.141
classical,3By9jCy6b4dv5XnlhvIWwx,Dies Irae,Giuseppe Verdi,79.773,0.272,0.346,0.926,134747,0.931,0.0772,-14.01,0,0.0317,4,0.24
classical,3oHSL6pt9LpNrQZuQGu9wL,"Requiem, K. 626: Lacrimosa",Wolfgang Amadeus Mozart,132.047,0.162,0.0898,0.944,169667,0.917,0.187,-23.269,0,0.0354,3,0.0413
classical,41ujv4mhxlqR8nlnieDpDp,"La traviata, Act I: Libiamo ne' lieti calici ""Brindisi""",Giuseppe Verdi,113.211,0.424,0.214,0.962,175507,2.9e-05,0.681,-17.688,1,0.0763,4,0.282
classical,0mD1a7haZKdX9I0oPywrMb,Air on a G String,Johann Sebastian Bach,172.773,0.109,0.314,0.982,289640,0.895,0.108,-11.27,1,0.039,3,0.0557
classical,2oUX4i8ByoaDrHHz9z5Bga,"Tchaikovsky: The Nutcracker, Op. 71, Act II: No. 14a, Pas de deux. Andante maestoso",Pyotr Ilyich Tchaikovsky,142.536,0.139,0.148,0.929,306533,0.954,0.106,-18.882,1,0.0386,3,0.0788
classical,2e8MxBgVWMSQmxb2zcuCoq,"Die Walkure, Act III: Ride of the Valkyries",Richard Wagner,89.997,0.251,0.219,0.929,325000,0.933,0.0824,-16.781,1,0.0323,3,0.0965
classical,1tJ5XXNXBXlEMkrr3nuL4d,"Violin Sonata No. 7 in C Minor, Op. 30 No. 2: II. Adagio cantabile",Ludwig van Beethoven,93.621,0.277,0.0377,0.986,645333,0.0489,0.0595,-25.553,1,0.0439,4,0.131
classical,6GzMz3s0K1YKwRVI36CgRx,"Liebestraume, S541/R211 : No. 3: Nocturne in A-Flat Major",Franz Liszt,60.228,0.343,0.0342,0.991,270000,0.92,0.1,-25.591,1,0.0406,3,0.0378
classical,0m9m4AntGBQVd0B105Ua76,Gnossienne: No. 3,Erik Satie,112.607,0.342,0.0317,0.995,141600,0.887,0.0985,-27.813,0,0.0427,4,0.0555
classical,6kO79DrGkqKlZ7cPHYZffe,"Künstlerleben, Op. 316",Johann Strauss II,181.298,0.198,0.0392,0.923,611533,0.707,0.151,-23.914,1,0.0364,3,0.147
classical,2AjyreHCD6PKAtRGV2qsK5,Adagio in G Minor,Tomaso Albinoni,89.755,0.099,0.279,0.743,266240,0.903,0.114,-12.939,0,0.0346,1,0.0464
classical,2kAgCRZPG3YQR2VMqRvLmb,The Lark Ascending,Ralph Vaughan Williams,74.554,0.0811,0.0122,0.902,935360,0.308,0.0648,-32.654,0,0.0511,4,0.0384
classical,0IOLO5qilos6TTQKqf2lik,"Waltz in D-Flat Major, Op. 64 No. 1 ""Minute""",Frédéric Chopin,108.842,0.342,0.0811,0.991,122690,0.923,0.11,-26.307,1,0.0389,3,0.269
classical,06am46cX3Z6YlSsg0TyVHA,"Tchaikovsky: The Nutcracker, Op. 71, Act I: No. 2, March",Pyotr Ilyich Tchaikovsky,150.319,0.444,0.116,0.977,145613,0.868,0.0862,-23.172,0,0.041,4,0.512
classical,78w7y8EDtL5LFaZ80rOkRl,"8 Humoresques, Op. 101, B. 187: No. 7, Poco lento e grazioso (Transcribed by Oscar Morawetz for Violin, Cello & Orchestra)",Antonín Dvořák,98.799,0.182,0.0603,0.852,212360,0.411,0.145,-25.046,1,0.0459,4,0.141
classical,64ta7ZvTJeThz7Ns4LmAHS,"Symphony No. 25 in G Minor, K. 183: I. Allegro con brio",Wolfgang Amadeus Mozart,79.904,0.428,0.237,0.987,460027,0.896,0.0849,-13.764,0,0.0351,4,0.357
classical,59cPOVxrn3Yjwydl1pullI,"Wiegenlied, Op. 49, No. 4 (Arr. for Cello and Piano) [Brahms Lullaby]",Johannes Brahms,61.541,0.184,0.00833,0.989,109800,0.596,0.104,-33.503,1,0.0519,3,0.211
classical,1lOVilzLQuYY2fnFrQ76DK,"Waltz in C-sharp minor, Op. 64 No. 2",Frédéric Chopin,72.701,0.191,0.0157,0.991,199773,0.916,0.134,-36.252,0,0.0411,4,0.0869
classical,2qT4bziCL5bciWfNYbFXQT,"Canon in D Major, P.37",Johann Pachelbel,106.434,0.404,0.122,0.988,288853,0.941,0.113,-17.924,1,0.0439,4,0.221
classical,2nbMCBBmKc3B6A30jYPmpD,"Prelude in C Major, BWV 846",Johann Sebastian Bach,121.897,0.269,0.11,0.994,148693,0.868,0.116,-27.095,1,0.0429,4,0.131
classical,3ecN1NqGbNcaXDg4M8TqT4,The Nutcracker: Russian Dance,Pyotr Ilyich Tchaikovsky,158.485,0.36,0.329,0.924,67267,0.947,0.351,-19.881,1,0.0428,4,0.966
